/Users/adityasriram/Library/Python/3.9/lib/python/site-packages/urllib3/__init__.py:35: NotOpenSSLWarning: urllib3 v2 only supports OpenSSL 1.1.1+, currently the 'ssl' module is compiled with 'LibreSSL 2.8.3'. See: https://github.com/urllib3/urllib3/issues/3020
  warnings.warn(
15:19:56 INFO output dir: /Users/adityasriram/Labs/stanford/cs440lx/tt-xla/tt_docs_corpus
15:19:56 INFO === Phase 1: docs.tenstorrent.com ===
15:19:56 DEBUG Starting new HTTPS connection (1): docs.tenstorrent.com:443
15:19:56 DEBUG Starting new HTTPS connection (2): docs.tenstorrent.com:443
15:19:56 DEBUG Starting new HTTPS connection (3): docs.tenstorrent.com:443
15:20:01 DEBUG https://docs.tenstorrent.com:443 "GET /tt-metal/latest/tt_metal/ HTTP/1.1" 404 5254
15:20:01 DEBUG https://docs.tenstorrent.com:443 "GET /tt-metal/latest/ttnn/ HTTP/1.1" 200 19164
15:20:01 DEBUG https://docs.tenstorrent.com:443 "GET / HTTP/1.1" 200 3975
15:20:02 INFO [1/2500] d=0 https://docs.tenstorrent.com/tt-metal/latest/ttnn/
15:20:02 WARNING skip https://docs.tenstorrent.com/tt-metal/latest/tt_metal/ (http 404)
15:20:02 INFO [2/2500] d=0 https://docs.tenstorrent.com/
15:20:02 DEBUG Starting new HTTPS connection (4): docs.tenstorrent.com:443
15:20:02 DEBUG Starting new HTTPS connection (5): docs.tenstorrent.com:443
15:20:02 DEBUG Starting new HTTPS connection (6): docs.tenstorrent.com:443
15:20:03 DEBUG https://docs.tenstorrent.com:443 "GET /tt-metal/latest/ttnn/ttnn/tutorials/tutorials/ttnn_intro.html HTTP/1.1" 200 18490
15:20:03 DEBUG https://docs.tenstorrent.com:443 "GET /tt-metal/latest/ttnn/ttnn/about.html HTTP/1.1" 200 3399
15:20:03 DEBUG https://docs.tenstorrent.com:443 "GET /tt-metal/latest/ttnn/ttnn/tensor.html HTTP/1.1" 200 7663
15:20:03 DEBUG https://docs.tenstorrent.com:443 "GET /tt-metal/latest/ttnn/ttnn/get_started.html HTTP/1.1" 200 3364
15:20:03 DEBUG https://docs.tenstorrent.com:443 "GET /tt-metal/latest/ttnn/ttnn/installing.html HTTP/1.1" 200 7513
15:20:03 DEBUG https://docs.tenstorrent.com:443 "GET /tt-metal/latest/ttnn/ttnn/api.html HTTP/1.1" 200 26615
15:20:03 INFO [3/2500] d=1 https://docs.tenstorrent.com/tt-metal/latest/ttnn/ttnn/tutorials/tutorials/ttnn_intro.html
15:20:03 INFO [4/2500] d=1 https://docs.tenstorrent.com/tt-metal/latest/ttnn/ttnn/about.html
15:20:03 INFO [5/2500] d=1 https://docs.tenstorrent.com/tt-metal/latest/ttnn/ttnn/tensor.html
15:20:04 INFO [6/2500] d=1 https://docs.tenstorrent.com/tt-metal/latest/ttnn/ttnn/get_started.html
15:20:04 INFO [7/2500] d=1 https://docs.tenstorrent.com/tt-metal/latest/ttnn/ttnn/installing.html
15:20:07 INFO [8/2500] d=1 https://docs.tenstorrent.com/tt-metal/latest/ttnn/ttnn/api.html
15:20:09 DEBUG https://docs.tenstorrent.com:443 "GET /tt-metal/latest/ttnn/ttnn/onboarding.html HTTP/1.1" 200 3846
15:20:09 DEBUG https://docs.tenstorrent.com:443 "GET /tt-metal/latest/ttnn/ttnn/tutorials.html HTTP/1.1" 200 5563
15:20:09 DEBUG https://docs.tenstorrent.com:443 "GET /tt-metal/latest/ttnn/ttnn/converting_torch_model_to_ttnn.html HTTP/1.1" 200 5818
15:20:09 DEBUG https://docs.tenstorrent.com:443 "GET /tt-metal/latest/ttnn/ttnn/profiling_ttnn_operations.html HTTP/1.1" 200 6340
15:20:09 INFO [9/2500] d=1 https://docs.tenstorrent.com/tt-metal/latest/ttnn/ttnn/onboarding.html
15:20:09 DEBUG https://docs.tenstorrent.com:443 "GET /tt-metal/latest/ttnn/ttnn/demos.html HTTP/1.1" 200 4580
15:20:09 DEBUG https://docs.tenstorrent.com:443 "GET /tt-metal/latest/ttnn/ttnn/adding_new_ttnn_operation.html HTTP/1.1" 200 16035
15:20:09 INFO [10/2500] d=1 https://docs.tenstorrent.com/tt-metal/latest/ttnn/ttnn/tutorials.html
15:20:09 INFO [11/2500] d=1 https://docs.tenstorrent.com/tt-metal/latest/ttnn/ttnn/demos.html
15:20:09 INFO [12/2500] d=1 https://docs.tenstorrent.com/tt-metal/latest/ttnn/ttnn/profiling_ttnn_operations.html
15:20:09 INFO [13/2500] d=1 https://docs.tenstorrent.com/tt-metal/latest/ttnn/ttnn/converting_torch_model_to_ttnn.html
15:20:10 INFO [14/2500] d=1 https://docs.tenstorrent.com/tt-metal/latest/ttnn/ttnn/adding_new_ttnn_operation.html
15:20:11 DEBUG https://docs.tenstorrent.com:443 "GET /tt-metal/latest/ttnn/ttnn/api/ttnn.close_device.html HTTP/1.1" 200 3521
15:20:11 DEBUG https://docs.tenstorrent.com:443 "GET /tt-metal/latest/ttnn/tools/index.html HTTP/1.1" 200 3328
15:20:11 DEBUG https://docs.tenstorrent.com:443 "GET /tt-metal/latest/ttnn/resources/contributing.html HTTP/1.1" 200 2888
15:20:11 DEBUG https://docs.tenstorrent.com:443 "GET /tt-metal/latest/ttnn/ttnn/api/ttnn.open_device.html HTTP/1.1" 200 3858
15:20:11 INFO [15/2500] d=1 https://docs.tenstorrent.com/tt-metal/latest/ttnn/ttnn/api/ttnn.close_device.html
15:20:11 DEBUG https://docs.tenstorrent.com:443 "GET /tt-metal/latest/ttnn/resources/support.html HTTP/1.1" 200 3366
15:20:11 DEBUG https://docs.tenstorrent.com:443 "GET /tt-metal/latest/ttnn/ttnn/api/ttnn.manage_device.html HTTP/1.1" 200 3653
15:20:11 INFO [16/2500] d=1 https://docs.tenstorrent.com/tt-metal/latest/ttnn/tools/index.html
15:20:11 INFO [17/2500] d=1 https://docs.tenstorrent.com/tt-metal/latest/ttnn/resources/contributing.html
15:20:11 INFO [18/2500] d=1 https://docs.tenstorrent.com/tt-metal/latest/ttnn/ttnn/api/ttnn.open_device.html
15:20:11 INFO [19/2500] d=1 https://docs.tenstorrent.com/tt-metal/latest/ttnn/resources/support.html
15:20:11 INFO [20/2500] d=1 https://docs.tenstorrent.com/tt-metal/latest/ttnn/ttnn/api/ttnn.manage_device.html
15:20:11 DEBUG https://docs.tenstorrent.com:443 "GET /tt-metal/latest/ttnn/ttnn/api/ttnn.GetDefaultDevice.html HTTP/1.1" 200 3498
15:20:11 DEBUG https://docs.tenstorrent.com:443 "GET /tt-metal/latest/ttnn/ttnn/api/ttnn.create_sharded_memory_config.html HTTP/1.1" 200 4132
15:20:11 DEBUG https://docs.tenstorrent.com:443 "GET /tt-metal/latest/ttnn/ttnn/api/ttnn.synchronize_device.html HTTP/1.1" 200 3915
15:20:11 DEBUG https://docs.tenstorrent.com:443 "GET /tt-metal/latest/ttnn/ttnn/api/ttnn.SetDefaultDevice.html HTTP/1.1" 200 3578
15:20:11 INFO [21/2500] d=1 https://docs.tenstorrent.com/tt-metal/latest/ttnn/ttnn/api/ttnn.GetDefaultDevice.html
15:20:11 DEBUG https://docs.tenstorrent.com:443 "GET /tt-metal/latest/ttnn/ttnn/api/ttnn.as_tensor.html HTTP/1.1" 200 4632
15:20:11 DEBUG https://docs.tenstorrent.com:443 "GET /tt-metal/latest/ttnn/ttnn/api/ttnn.pad_to_tile_shape.html HTTP/1.1" 200 3657
15:20:11 INFO [22/2500] d=1 https://docs.tenstorrent.com/tt-metal/latest/ttnn/ttnn/api/ttnn.create_sharded_memory_config.html
15:20:11 INFO [23/2500] d=1 https://docs.tenstorrent.com/tt-metal/latest/ttnn/ttnn/api/ttnn.synchronize_device.html
15:20:11 INFO [24/2500] d=1 https://docs.tenstorrent.com/tt-metal/latest/ttnn/ttnn/api/ttnn.SetDefaultDevice.html
15:20:11 INFO [25/2500] d=1 https://docs.tenstorrent.com/tt-metal/latest/ttnn/ttnn/api/ttnn.as_tensor.html
15:20:11 INFO [26/2500] d=1 https://docs.tenstorrent.com/tt-metal/latest/ttnn/ttnn/api/ttnn.pad_to_tile_shape.html
15:20:12 DEBUG https://docs.tenstorrent.com:443 "GET /tt-metal/latest/ttnn/ttnn/api/ttnn.deallocate.html HTTP/1.1" 200 4107
15:20:12 DEBUG https://docs.tenstorrent.com:443 "GET /tt-metal/latest/ttnn/ttnn/api/ttnn.copy_host_to_device_tensor.html HTTP/1.1" 200 3660
15:20:12 DEBUG https://docs.tenstorrent.com:443 "GET /tt-metal/latest/ttnn/ttnn/api/ttnn.from_device.html HTTP/1.1" 200 3977
15:20:12 DEBUG https://docs.tenstorrent.com:443 "GET /tt-metal/latest/ttnn/ttnn/api/ttnn.copy_device_to_host_tensor.html HTTP/1.1" 200 3675
15:20:12 DEBUG https://docs.tenstorrent.com:443 "GET /tt-metal/latest/ttnn/ttnn/api/ttnn.from_torch.html HTTP/1.1" 200 4780
15:20:12 DEBUG https://docs.tenstorrent.com:443 "GET /tt-metal/latest/ttnn/ttnn/api/ttnn.dump_tensor.html HTTP/1.1" 200 4080
15:20:12 INFO [27/2500] d=1 https://docs.tenstorrent.com/tt-metal/latest/ttnn/ttnn/api/ttnn.deallocate.html
15:20:12 INFO [28/2500] d=1 https://docs.tenstorrent.com/tt-metal/latest/ttnn/ttnn/api/ttnn.copy_host_to_device_tensor.html
15:20:12 INFO [29/2500] d=1 https://docs.tenstorrent.com/tt-metal/latest/ttnn/ttnn/api/ttnn.from_device.html
15:20:12 INFO [30/2500] d=1 https://docs.tenstorrent.com/tt-metal/latest/ttnn/ttnn/api/ttnn.copy_device_to_host_tensor.html
15:20:12 INFO [31/2500] d=1 https://docs.tenstorrent.com/tt-metal/latest/ttnn/ttnn/api/ttnn.from_torch.html
15:20:12 INFO [32/2500] d=1 https://docs.tenstorrent.com/tt-metal/latest/ttnn/ttnn/api/ttnn.dump_tensor.html
15:20:12 DEBUG https://docs.tenstorrent.com:443 "GET /tt-metal/latest/ttnn/ttnn/api/ttnn.reallocate.html HTTP/1.1" 200 4156
15:20:12 DEBUG https://docs.tenstorrent.com:443 "GET /tt-metal/latest/ttnn/ttnn/api/ttnn.to_device.html HTTP/1.1" 200 4142
15:20:12 DEBUG https://docs.tenstorrent.com:443 "GET /tt-metal/latest/ttnn/ttnn/api/ttnn.get_device_tensors.html HTTP/1.1" 200 3803
15:20:12 DEBUG https://docs.tenstorrent.com:443 "GET /tt-metal/latest/ttnn/ttnn/api/ttnn.load_tensor.html HTTP/1.1" 200 4192
15:20:12 DEBUG https://docs.tenstorrent.com:443 "GET /tt-metal/latest/ttnn/ttnn/api/ttnn.split_work_to_cores.html HTTP/1.1" 200 4526
15:20:12 INFO [33/2500] d=1 https://docs.tenstorrent.com/tt-metal/latest/ttnn/ttnn/api/ttnn.reallocate.html
15:20:12 DEBUG https://docs.tenstorrent.com:443 "GET /tt-metal/latest/ttnn/ttnn/api/ttnn.to_dtype.html HTTP/1.1" 200 3890
15:20:12 INFO [34/2500] d=1 https://docs.tenstorrent.com/tt-metal/latest/ttnn/ttnn/api/ttnn.get_device_tensors.html
15:20:12 INFO [35/2500] d=1 https://docs.tenstorrent.com/tt-metal/latest/ttnn/ttnn/api/ttnn.to_device.html
15:20:12 INFO [36/2500] d=1 https://docs.tenstorrent.com/tt-metal/latest/ttnn/ttnn/api/ttnn.load_tensor.html
15:20:12 INFO [37/2500] d=1 https://docs.tenstorrent.com/tt-metal/latest/ttnn/ttnn/api/ttnn.split_work_to_cores.html
15:20:12 INFO [38/2500] d=1 https://docs.tenstorrent.com/tt-metal/latest/ttnn/ttnn/api/ttnn.to_dtype.html
15:20:13 DEBUG https://docs.tenstorrent.com:443 "GET /tt-metal/latest/ttnn/ttnn/api/ttnn.to_memory_config.html HTTP/1.1" 200 4272
15:20:13 DEBUG https://docs.tenstorrent.com:443 "GET /tt-metal/latest/ttnn/ttnn/api/ttnn.to_layout.html HTTP/1.1" 200 4389
15:20:13 DEBUG https://docs.tenstorrent.com:443 "GET /tt-metal/latest/ttnn/ttnn/api/ttnn.to_torch.html HTTP/1.1" 200 4480
15:20:13 DEBUG https://docs.tenstorrent.com:443 "GET /tt-metal/latest/ttnn/ttnn/api/ttnn.bernoulli.html HTTP/1.1" 200 4268
15:20:13 DEBUG https://docs.tenstorrent.com:443 "GET /tt-metal/latest/ttnn/ttnn/api/ttnn.typecast.html HTTP/1.1" 200 4132
15:20:13 INFO [39/2500] d=1 https://docs.tenstorrent.com/tt-metal/latest/ttnn/ttnn/api/ttnn.to_memory_config.html
15:20:13 DEBUG https://docs.tenstorrent.com:443 "GET /tt-metal/latest/ttnn/ttnn/api/ttnn.arange.html HTTP/1.1" 200 4385
15:20:13 INFO [40/2500] d=1 https://docs.tenstorrent.com/tt-metal/latest/ttnn/ttnn/api/ttnn.to_layout.html
15:20:13 INFO [41/2500] d=1 https://docs.tenstorrent.com/tt-metal/latest/ttnn/ttnn/api/ttnn.to_torch.html
15:20:13 INFO [42/2500] d=1 https://docs.tenstorrent.com/tt-metal/latest/ttnn/ttnn/api/ttnn.typecast.html
15:20:13 INFO [43/2500] d=1 https://docs.tenstorrent.com/tt-metal/latest/ttnn/ttnn/api/ttnn.bernoulli.html
15:20:13 INFO [44/2500] d=1 https://docs.tenstorrent.com/tt-metal/latest/ttnn/ttnn/api/ttnn.arange.html
15:20:13 DEBUG https://docs.tenstorrent.com:443 "GET /tt-metal/latest/ttnn/ttnn/api/ttnn.from_buffer.html HTTP/1.1" 200 4501
15:20:13 DEBUG https://docs.tenstorrent.com:443 "GET /tt-metal/latest/ttnn/ttnn/api/ttnn.full.html HTTP/1.1" 200 4478
15:20:13 DEBUG https://docs.tenstorrent.com:443 "GET /tt-metal/latest/ttnn/ttnn/api/ttnn.complex_tensor.html HTTP/1.1" 200 3912
15:20:13 DEBUG https://docs.tenstorrent.com:443 "GET /tt-metal/latest/ttnn/ttnn/api/ttnn.full_like.html HTTP/1.1" 200 4478
15:20:13 DEBUG https://docs.tenstorrent.com:443 "GET /tt-metal/latest/ttnn/ttnn/api/ttnn.empty_like.html HTTP/1.1" 200 4447
15:20:13 DEBUG https://docs.tenstorrent.com:443 "GET /tt-metal/latest/ttnn/ttnn/api/ttnn.empty.html HTTP/1.1" 200 4410
15:20:13 INFO [45/2500] d=1 https://docs.tenstorrent.com/tt-metal/latest/ttnn/ttnn/api/ttnn.from_buffer.html
15:20:13 INFO [46/2500] d=1 https://docs.tenstorrent.com/tt-metal/latest/ttnn/ttnn/api/ttnn.full.html
15:20:13 INFO [47/2500] d=1 https://docs.tenstorrent.com/tt-metal/latest/ttnn/ttnn/api/ttnn.complex_tensor.html
15:20:13 INFO [48/2500] d=1 https://docs.tenstorrent.com/tt-metal/latest/ttnn/ttnn/api/ttnn.full_like.html
15:20:14 INFO [49/2500] d=1 https://docs.tenstorrent.com/tt-metal/latest/ttnn/ttnn/api/ttnn.empty_like.html
15:20:14 INFO [50/2500] d=1 https://docs.tenstorrent.com/tt-metal/latest/ttnn/ttnn/api/ttnn.empty.html
15:20:14 DEBUG https://docs.tenstorrent.com:443 "GET /tt-metal/latest/ttnn/ttnn/api/ttnn.rand.html HTTP/1.1" 200 4579
15:20:14 DEBUG https://docs.tenstorrent.com:443 "GET /tt-metal/latest/ttnn/ttnn/api/ttnn.index_fill.html HTTP/1.1" 200 3864
15:20:14 DEBUG https://docs.tenstorrent.com:443 "GET /tt-metal/latest/ttnn/ttnn/api/ttnn.uniform.html HTTP/1.1" 200 4244
15:20:14 DEBUG https://docs.tenstorrent.com:443 "GET /tt-metal/latest/ttnn/ttnn/api/ttnn.zeros.html HTTP/1.1" 200 4500
15:20:14 DEBUG https://docs.tenstorrent.com:443 "GET /tt-metal/latest/ttnn/ttnn/api/ttnn.ones_like.html HTTP/1.1" 200 4396
15:20:14 DEBUG https://docs.tenstorrent.com:443 "GET /tt-metal/latest/ttnn/ttnn/api/ttnn.ones.html HTTP/1.1" 200 4391
15:20:14 INFO [51/2500] d=1 https://docs.tenstorrent.com/tt-metal/latest/ttnn/ttnn/api/ttnn.rand.html
15:20:14 INFO [52/2500] d=1 https://docs.tenstorrent.com/tt-metal/latest/ttnn/ttnn/api/ttnn.uniform.html
15:20:14 INFO [53/2500] d=1 https://docs.tenstorrent.com/tt-metal/latest/ttnn/ttnn/api/ttnn.index_fill.html
15:20:14 INFO [54/2500] d=1 https://docs.tenstorrent.com/tt-metal/latest/ttnn/ttnn/api/ttnn.zeros.html
15:20:14 INFO [55/2500] d=1 https://docs.tenstorrent.com/tt-metal/latest/ttnn/ttnn/api/ttnn.ones_like.html
15:20:14 INFO [56/2500] d=1 https://docs.tenstorrent.com/tt-metal/latest/ttnn/ttnn/api/ttnn.ones.html
15:20:14 DEBUG https://docs.tenstorrent.com:443 "GET /tt-metal/latest/ttnn/ttnn/api/ttnn.zeros_like.html HTTP/1.1" 200 4534
15:20:14 DEBUG https://docs.tenstorrent.com:443 "GET /tt-metal/latest/ttnn/ttnn/api/ttnn.sparse_matmul.html HTTP/1.1" 200 6401
15:20:14 DEBUG https://docs.tenstorrent.com:443 "GET /tt-metal/latest/ttnn/ttnn/api/ttnn.matmul.html HTTP/1.1" 200 6896
15:20:14 DEBUG https://docs.tenstorrent.com:443 "GET /tt-metal/latest/ttnn/ttnn/api/ttnn.addmm.html HTTP/1.1" 200 5272
15:20:14 DEBUG https://docs.tenstorrent.com:443 "GET /tt-metal/latest/ttnn/ttnn/api/ttnn.linear.html HTTP/1.1" 200 5052
15:20:14 DEBUG https://docs.tenstorrent.com:443 "GET /tt-metal/latest/ttnn/ttnn/api/ttnn.MatmulMultiCoreReuseProgramConfig.html HTTP/1.1" 200 4406
15:20:14 INFO [57/2500] d=1 https://docs.tenstorrent.com/tt-metal/latest/ttnn/ttnn/api/ttnn.zeros_like.html
15:20:14 INFO [58/2500] d=1 https://docs.tenstorrent.com/tt-metal/latest/ttnn/ttnn/api/ttnn.addmm.html
15:20:15 INFO [59/2500] d=1 https://docs.tenstorrent.com/tt-metal/latest/ttnn/ttnn/api/ttnn.sparse_matmul.html
15:20:15 INFO [60/2500] d=1 https://docs.tenstorrent.com/tt-metal/latest/ttnn/ttnn/api/ttnn.matmul.html
15:20:15 INFO [61/2500] d=1 https://docs.tenstorrent.com/tt-metal/latest/ttnn/ttnn/api/ttnn.linear.html
15:20:15 INFO [62/2500] d=1 https://docs.tenstorrent.com/tt-metal/latest/ttnn/ttnn/api/ttnn.MatmulMultiCoreReuseProgramConfig.html
15:20:15 DEBUG https://docs.tenstorrent.com:443 "GET /tt-metal/latest/ttnn/ttnn/api/ttnn.abs.html HTTP/1.1" 200 5512
15:20:15 DEBUG https://docs.tenstorrent.com:443 "GET /tt-metal/latest/ttnn/ttnn/api/ttnn.acos.html HTTP/1.1" 200 5424
15:20:15 DEBUG https://docs.tenstorrent.com:443 "GET /tt-metal/latest/ttnn/ttnn/api/ttnn.acosh.html HTTP/1.1" 200 5445
15:20:15 DEBUG https://docs.tenstorrent.com:443 "GET /tt-metal/latest/ttnn/ttnn/api/ttnn.MatmulMultiCoreReuseMultiCast1DProgramConfig.html HTTP/1.1" 200 5181
15:20:15 DEBUG https://docs.tenstorrent.com:443 "GET /tt-metal/latest/ttnn/ttnn/api/ttnn.MatmulMultiCoreReuseMultiCastDRAMShardedProgramConfig.html HTTP/1.1" 200 4236
15:20:15 INFO [63/2500] d=1 https://docs.tenstorrent.com/tt-metal/latest/ttnn/ttnn/api/ttnn.abs.html
15:20:15 DEBUG https://docs.tenstorrent.com:443 "GET /tt-metal/latest/ttnn/ttnn/api/ttnn.MatmulMultiCoreReuseMultiCastProgramConfig.html HTTP/1.1" 200 4898
15:20:15 INFO [64/2500] d=1 https://docs.tenstorrent.com/tt-metal/latest/ttnn/ttnn/api/ttnn.acos.html
15:20:15 INFO [65/2500] d=1 https://docs.tenstorrent.com/tt-metal/latest/ttnn/ttnn/api/ttnn.acosh.html
15:20:15 INFO [66/2500] d=1 https://docs.tenstorrent.com/tt-metal/latest/ttnn/ttnn/api/ttnn.MatmulMultiCoreReuseMultiCast1DProgramConfig.html
15:20:15 INFO [67/2500] d=1 https://docs.tenstorrent.com/tt-metal/latest/ttnn/ttnn/api/ttnn.MatmulMultiCoreReuseMultiCastDRAMShardedProgramConfig.html
15:20:15 INFO [68/2500] d=1 https://docs.tenstorrent.com/tt-metal/latest/ttnn/ttnn/api/ttnn.MatmulMultiCoreReuseMultiCastProgramConfig.html
15:20:16 DEBUG https://docs.tenstorrent.com:443 "GET /tt-metal/latest/ttnn/ttnn/api/ttnn.asinh.html HTTP/1.1" 200 5437
15:20:16 DEBUG https://docs.tenstorrent.com:443 "GET /tt-metal/latest/ttnn/ttnn/api/ttnn.angle.html HTTP/1.1" 200 5122
15:20:16 DEBUG https://docs.tenstorrent.com:443 "GET /tt-metal/latest/ttnn/ttnn/api/ttnn.asin.html HTTP/1.1" 200 5425
15:20:16 DEBUG https://docs.tenstorrent.com:443 "GET /tt-metal/latest/ttnn/ttnn/api/ttnn.atan.html HTTP/1.1" 200 5432
15:20:16 DEBUG https://docs.tenstorrent.com:443 "GET /tt-metal/latest/ttnn/ttnn/api/ttnn.alt_complex_rotate90.html HTTP/1.1" 200 5562
15:20:16 DEBUG https://docs.tenstorrent.com:443 "GET /tt-metal/latest/ttnn/ttnn/api/ttnn.atanh.html HTTP/1.1" 200 5382
15:20:16 INFO [69/2500] d=1 https://docs.tenstorrent.com/tt-metal/latest/ttnn/ttnn/api/ttnn.asinh.html
15:20:16 INFO [70/2500] d=1 https://docs.tenstorrent.com/tt-metal/latest/ttnn/ttnn/api/ttnn.angle.html
15:20:16 INFO [71/2500] d=1 https://docs.tenstorrent.com/tt-metal/latest/ttnn/ttnn/api/ttnn.asin.html
15:20:16 INFO [72/2500] d=1 https://docs.tenstorrent.com/tt-metal/latest/ttnn/ttnn/api/ttnn.atan.html
15:20:16 INFO [73/2500] d=1 https://docs.tenstorrent.com/tt-metal/latest/ttnn/ttnn/api/ttnn.alt_complex_rotate90.html
15:20:16 INFO [74/2500] d=1 https://docs.tenstorrent.com/tt-metal/latest/ttnn/ttnn/api/ttnn.atanh.html
15:20:16 DEBUG https://docs.tenstorrent.com:443 "GET /tt-metal/latest/ttnn/ttnn/api/ttnn.bitwise_not.html HTTP/1.1" 200 5524
15:20:16 DEBUG https://docs.tenstorrent.com:443 "GET /tt-metal/latest/ttnn/ttnn/api/ttnn.cbrt.html HTTP/1.1" 200 5433
15:20:16 DEBUG https://docs.tenstorrent.com:443 "GET /tt-metal/latest/ttnn/ttnn/api/ttnn.bitwise_right_shift.html HTTP/1.1" 200 6224
15:20:16 DEBUG https://docs.tenstorrent.com:443 "GET /tt-metal/latest/ttnn/ttnn/api/ttnn.bitwise_left_shift.html HTTP/1.1" 200 6217
15:20:16 INFO [75/2500] d=1 https://docs.tenstorrent.com/tt-metal/latest/ttnn/ttnn/api/ttnn.bitwise_not.html
15:20:17 INFO [76/2500] d=1 https://docs.tenstorrent.com/tt-metal/latest/ttnn/ttnn/api/ttnn.cbrt.html
15:20:17 INFO [77/2500] d=1 https://docs.tenstorrent.com/tt-metal/latest/ttnn/ttnn/api/ttnn.bitwise_right_shift.html
15:20:17 DEBUG https://docs.tenstorrent.com:443 "GET /tt-metal/latest/ttnn/ttnn/api/ttnn.bitcast.html HTTP/1.1" 200 5409
15:20:17 DEBUG https://docs.tenstorrent.com:443 "GET /tt-metal/latest/ttnn/ttnn/api/ttnn.ceil.html HTTP/1.1" 200 5461
15:20:17 INFO [78/2500] d=1 https://docs.tenstorrent.com/tt-metal/latest/ttnn/ttnn/api/ttnn.bitwise_left_shift.html
15:20:17 INFO [79/2500] d=1 https://docs.tenstorrent.com/tt-metal/latest/ttnn/ttnn/api/ttnn.bitcast.html
15:20:17 INFO [80/2500] d=1 https://docs.tenstorrent.com/tt-metal/latest/ttnn/ttnn/api/ttnn.ceil.html
15:20:17 DEBUG https://docs.tenstorrent.com:443 "GET /tt-metal/latest/ttnn/ttnn/api/ttnn.clip.html HTTP/1.1" 200 5530
15:20:17 DEBUG https://docs.tenstorrent.com:443 "GET /tt-metal/latest/ttnn/ttnn/api/ttnn.clamp.html HTTP/1.1" 200 5525
15:20:17 DEBUG https://docs.tenstorrent.com:443 "GET /tt-metal/latest/ttnn/ttnn/api/ttnn.clone.html HTTP/1.1" 200 5347
15:20:17 DEBUG https://docs.tenstorrent.com:443 "GET /tt-metal/latest/ttnn/ttnn/api/ttnn.cos.html HTTP/1.1" 200 5420
15:20:17 DEBUG https://docs.tenstorrent.com:443 "GET /tt-metal/latest/ttnn/ttnn/api/ttnn.conj.html HTTP/1.1" 200 5115
15:20:17 DEBUG https://docs.tenstorrent.com:443 "GET /tt-metal/latest/ttnn/ttnn/api/ttnn.celu.html HTTP/1.1" 200 5571
15:20:17 INFO [81/2500] d=1 https://docs.tenstorrent.com/tt-metal/latest/ttnn/ttnn/api/ttnn.clip.html
15:20:17 INFO [82/2500] d=1 https://docs.tenstorrent.com/tt-metal/latest/ttnn/ttnn/api/ttnn.clamp.html
15:20:17 INFO [83/2500] d=1 https://docs.tenstorrent.com/tt-metal/latest/ttnn/ttnn/api/ttnn.cos.html
15:20:17 INFO [84/2500] d=1 https://docs.tenstorrent.com/tt-metal/latest/ttnn/ttnn/api/ttnn.clone.html
15:20:17 INFO [85/2500] d=1 https://docs.tenstorrent.com/tt-metal/latest/ttnn/ttnn/api/ttnn.conj.html
15:20:17 INFO [86/2500] d=1 https://docs.tenstorrent.com/tt-metal/latest/ttnn/ttnn/api/ttnn.celu.html
15:20:18 DEBUG https://docs.tenstorrent.com:443 "GET /tt-metal/latest/ttnn/ttnn/api/ttnn.eqz.html HTTP/1.1" 200 5449
15:20:18 DEBUG https://docs.tenstorrent.com:443 "GET /tt-metal/latest/ttnn/ttnn/api/ttnn.cosh.html HTTP/1.1" 200 5389
15:20:18 INFO [87/2500] d=1 https://docs.tenstorrent.com/tt-metal/latest/ttnn/ttnn/api/ttnn.eqz.html
15:20:18 INFO [88/2500] d=1 https://docs.tenstorrent.com/tt-metal/latest/ttnn/ttnn/api/ttnn.cosh.html
15:20:18 DEBUG https://docs.tenstorrent.com:443 "GET /tt-metal/latest/ttnn/ttnn/api/ttnn.erf.html HTTP/1.1" 200 5618
15:20:18 DEBUG https://docs.tenstorrent.com:443 "GET /tt-metal/latest/ttnn/ttnn/api/ttnn.digamma.html HTTP/1.1" 200 5454
15:20:18 DEBUG https://docs.tenstorrent.com:443 "GET /tt-metal/latest/ttnn/ttnn/api/ttnn.deg2rad.html HTTP/1.1" 200 5434
15:20:18 DEBUG https://docs.tenstorrent.com:443 "GET /tt-metal/latest/ttnn/ttnn/api/ttnn.erfc.html HTTP/1.1" 200 5624
15:20:18 INFO [89/2500] d=1 https://docs.tenstorrent.com/tt-metal/latest/ttnn/ttnn/api/ttnn.erf.html
15:20:18 INFO [90/2500] d=1 https://docs.tenstorrent.com/tt-metal/latest/ttnn/ttnn/api/ttnn.digamma.html
15:20:18 INFO [91/2500] d=1 https://docs.tenstorrent.com/tt-metal/latest/ttnn/ttnn/api/ttnn.deg2rad.html
15:20:18 INFO [92/2500] d=1 https://docs.tenstorrent.com/tt-metal/latest/ttnn/ttnn/api/ttnn.erfc.html
15:20:19 DEBUG https://docs.tenstorrent.com:443 "GET /tt-metal/latest/ttnn/ttnn/api/ttnn.elu.html HTTP/1.1" 200 5297
15:20:19 DEBUG https://docs.tenstorrent.com:443 "GET /tt-metal/latest/ttnn/ttnn/api/ttnn.experimental.dropout.html HTTP/1.1" 200 5633
15:20:19 DEBUG https://docs.tenstorrent.com:443 "GET /tt-metal/latest/ttnn/ttnn/api/ttnn.exp2.html HTTP/1.1" 200 5417
15:20:19 DEBUG https://docs.tenstorrent.com:443 "GET /tt-metal/latest/ttnn/ttnn/api/ttnn.expm1.html HTTP/1.1" 200 5422
15:20:19 INFO [93/2500] d=1 https://docs.tenstorrent.com/tt-metal/latest/ttnn/ttnn/api/ttnn.elu.html
15:20:19 INFO [94/2500] d=1 https://docs.tenstorrent.com/tt-metal/latest/ttnn/ttnn/api/ttnn.experimental.dropout.html
15:20:19 DEBUG https://docs.tenstorrent.com:443 "GET /tt-metal/latest/ttnn/ttnn/api/ttnn.erfinv.html HTTP/1.1" 200 5430
15:20:19 INFO [95/2500] d=1 https://docs.tenstorrent.com/tt-metal/latest/ttnn/ttnn/api/ttnn.expm1.html
15:20:19 INFO [96/2500] d=1 https://docs.tenstorrent.com/tt-metal/latest/ttnn/ttnn/api/ttnn.exp2.html
15:20:19 DEBUG https://docs.tenstorrent.com:443 "GET /tt-metal/latest/ttnn/ttnn/api/ttnn.exp.html HTTP/1.1" 200 5634
15:20:19 INFO [97/2500] d=1 https://docs.tenstorrent.com/tt-metal/latest/ttnn/ttnn/api/ttnn.erfinv.html
15:20:19 INFO [98/2500] d=1 https://docs.tenstorrent.com/tt-metal/latest/ttnn/ttnn/api/ttnn.exp.html
15:20:19 DEBUG https://docs.tenstorrent.com:443 "GET /tt-metal/latest/ttnn/ttnn/api/ttnn.fill.html HTTP/1.1" 200 5639
15:20:19 DEBUG https://docs.tenstorrent.com:443 "GET /tt-metal/latest/ttnn/ttnn/api/ttnn.geglu.html HTTP/1.1" 200 5616
15:20:19 DEBUG https://docs.tenstorrent.com:443 "GET /tt-metal/latest/ttnn/ttnn/api/ttnn.frac.html HTTP/1.1" 200 5434
15:20:19 DEBUG https://docs.tenstorrent.com:443 "GET /tt-metal/latest/ttnn/ttnn/api/ttnn.gez.html HTTP/1.1" 200 5451
15:20:19 INFO [99/2500] d=1 https://docs.tenstorrent.com/tt-metal/latest/ttnn/ttnn/api/ttnn.geglu.html
15:20:19 INFO [100/2500] d=1 https://docs.tenstorrent.com/tt-metal/latest/ttnn/ttnn/api/ttnn.fill.html
15:20:19 DEBUG https://docs.tenstorrent.com:443 "GET /tt-metal/latest/ttnn/ttnn/api/ttnn.gelu.html HTTP/1.1" 200 5623
15:20:19 DEBUG https://docs.tenstorrent.com:443 "GET /tt-metal/latest/ttnn/ttnn/api/ttnn.floor.html HTTP/1.1" 200 5512
15:20:19 INFO [101/2500] d=1 https://docs.tenstorrent.com/tt-metal/latest/ttnn/ttnn/api/ttnn.frac.html
15:20:19 INFO [102/2500] d=1 https://docs.tenstorrent.com/tt-metal/latest/ttnn/ttnn/api/ttnn.gez.html
15:20:20 INFO [103/2500] d=1 https://docs.tenstorrent.com/tt-metal/latest/ttnn/ttnn/api/ttnn.floor.html
15:20:20 INFO [104/2500] d=1 https://docs.tenstorrent.com/tt-metal/latest/ttnn/ttnn/api/ttnn.gelu.html
15:20:20 DEBUG https://docs.tenstorrent.com:443 "GET /tt-metal/latest/ttnn/ttnn/api/ttnn.hardmish.html HTTP/1.1" 200 5641
15:20:20 DEBUG https://docs.tenstorrent.com:443 "GET /tt-metal/latest/ttnn/ttnn/api/ttnn.glu.html HTTP/1.1" 200 5600
15:20:20 DEBUG https://docs.tenstorrent.com:443 "GET /tt-metal/latest/ttnn/ttnn/api/ttnn.hardswish.html HTTP/1.1" 200 5445
15:20:20 DEBUG https://docs.tenstorrent.com:443 "GET /tt-metal/latest/ttnn/ttnn/api/ttnn.hardsigmoid.html HTTP/1.1" 200 5444
15:20:20 INFO [105/2500] d=1 https://docs.tenstorrent.com/tt-metal/latest/ttnn/ttnn/api/ttnn.hardmish.html
15:20:20 INFO [106/2500] d=1 https://docs.tenstorrent.com/tt-metal/latest/ttnn/ttnn/api/ttnn.glu.html
15:20:20 DEBUG https://docs.tenstorrent.com:443 "GET /tt-metal/latest/ttnn/ttnn/api/ttnn.gtz.html HTTP/1.1" 200 5443
15:20:20 DEBUG https://docs.tenstorrent.com:443 "GET /tt-metal/latest/ttnn/ttnn/api/ttnn.hardshrink.html HTTP/1.1" 200 5530
15:20:20 INFO [107/2500] d=1 https://docs.tenstorrent.com/tt-metal/latest/ttnn/ttnn/api/ttnn.hardswish.html
15:20:20 INFO [108/2500] d=1 https://docs.tenstorrent.com/tt-metal/latest/ttnn/ttnn/api/ttnn.hardsigmoid.html
15:20:20 INFO [109/2500] d=1 https://docs.tenstorrent.com/tt-metal/latest/ttnn/ttnn/api/ttnn.gtz.html
15:20:20 INFO [110/2500] d=1 https://docs.tenstorrent.com/tt-metal/latest/ttnn/ttnn/api/ttnn.hardshrink.html
15:20:21 DEBUG https://docs.tenstorrent.com:443 "GET /tt-metal/latest/ttnn/ttnn/api/ttnn.i0.html HTTP/1.1" 200 5434
15:20:21 INFO [111/2500] d=1 https://docs.tenstorrent.com/tt-metal/latest/ttnn/ttnn/api/ttnn.i0.html
15:20:21 DEBUG https://docs.tenstorrent.com:443 "GET /tt-metal/latest/ttnn/ttnn/api/ttnn.hardtanh.html HTTP/1.1" 200 5348
15:20:21 DEBUG https://docs.tenstorrent.com:443 "GET /tt-metal/latest/ttnn/ttnn/api/ttnn.i1.html HTTP/1.1" 200 5584
15:20:21 DEBUG https://docs.tenstorrent.com:443 "GET /tt-metal/latest/ttnn/ttnn/api/ttnn.heaviside.html HTTP/1.1" 200 5556
15:20:21 DEBUG https://docs.tenstorrent.com:443 "GET /tt-metal/latest/ttnn/ttnn/api/ttnn.identity.html HTTP/1.1" 200 5593
15:20:21 DEBUG https://docs.tenstorrent.com:443 "GET /tt-metal/latest/ttnn/ttnn/api/ttnn.imag.html HTTP/1.1" 200 5122
15:20:21 INFO [112/2500] d=1 https://docs.tenstorrent.com/tt-metal/latest/ttnn/ttnn/api/ttnn.hardtanh.html
15:20:21 INFO [113/2500] d=1 https://docs.tenstorrent.com/tt-metal/latest/ttnn/ttnn/api/ttnn.i1.html
15:20:21 INFO [114/2500] d=1 https://docs.tenstorrent.com/tt-metal/latest/ttnn/ttnn/api/ttnn.identity.html
15:20:21 INFO [115/2500] d=1 https://docs.tenstorrent.com/tt-metal/latest/ttnn/ttnn/api/ttnn.heaviside.html
15:20:21 INFO [116/2500] d=1 https://docs.tenstorrent.com/tt-metal/latest/ttnn/ttnn/api/ttnn.imag.html
15:20:21 DEBUG https://docs.tenstorrent.com:443 "GET /tt-metal/latest/ttnn/ttnn/api/ttnn.isinf.html HTTP/1.1" 200 5431
15:20:21 DEBUG https://docs.tenstorrent.com:443 "GET /tt-metal/latest/ttnn/ttnn/api/ttnn.isfinite.html HTTP/1.1" 200 5430
15:20:21 DEBUG https://docs.tenstorrent.com:443 "GET /tt-metal/latest/ttnn/ttnn/api/ttnn.isnan.html HTTP/1.1" 200 5439
15:20:21 DEBUG https://docs.tenstorrent.com:443 "GET /tt-metal/latest/ttnn/ttnn/api/ttnn.isneginf.html HTTP/1.1" 200 5443
15:20:21 DEBUG https://docs.tenstorrent.com:443 "GET /tt-metal/latest/ttnn/ttnn/api/ttnn.is_imag.html HTTP/1.1" 200 5162
15:20:21 DEBUG https://docs.tenstorrent.com:443 "GET /tt-metal/latest/ttnn/ttnn/api/ttnn.is_real.html HTTP/1.1" 200 5161
15:20:21 INFO [117/2500] d=1 https://docs.tenstorrent.com/tt-metal/latest/ttnn/ttnn/api/ttnn.isinf.html
15:20:21 INFO [118/2500] d=1 https://docs.tenstorrent.com/tt-metal/latest/ttnn/ttnn/api/ttnn.isnan.html
15:20:21 INFO [119/2500] d=1 https://docs.tenstorrent.com/tt-metal/latest/ttnn/ttnn/api/ttnn.isfinite.html
15:20:21 INFO [120/2500] d=1 https://docs.tenstorrent.com/tt-metal/latest/ttnn/ttnn/api/ttnn.isneginf.html
15:20:22 INFO [121/2500] d=1 https://docs.tenstorrent.com/tt-metal/latest/ttnn/ttnn/api/ttnn.is_imag.html
15:20:22 INFO [122/2500] d=1 https://docs.tenstorrent.com/tt-metal/latest/ttnn/ttnn/api/ttnn.is_real.html
15:20:22 DEBUG https://docs.tenstorrent.com:443 "GET /tt-metal/latest/ttnn/ttnn/api/ttnn.lez.html HTTP/1.1" 200 5456
15:20:22 DEBUG https://docs.tenstorrent.com:443 "GET /tt-metal/latest/ttnn/ttnn/api/ttnn.leaky_relu.html HTTP/1.1" 200 5579
15:20:22 DEBUG https://docs.tenstorrent.com:443 "GET /tt-metal/latest/ttnn/ttnn/api/ttnn.isposinf.html HTTP/1.1" 200 5447
15:20:22 DEBUG https://docs.tenstorrent.com:443 "GET /tt-metal/latest/ttnn/ttnn/api/ttnn.log10.html HTTP/1.1" 200 5624
15:20:22 DEBUG https://docs.tenstorrent.com:443 "GET /tt-metal/latest/ttnn/ttnn/api/ttnn.lgamma.html HTTP/1.1" 200 5379
15:20:22 DEBUG https://docs.tenstorrent.com:443 "GET /tt-metal/latest/ttnn/ttnn/api/ttnn.log.html HTTP/1.1" 200 5624
15:20:22 INFO [123/2500] d=1 https://docs.tenstorrent.com/tt-metal/latest/ttnn/ttnn/api/ttnn.lez.html
15:20:22 INFO [124/2500] d=1 https://docs.tenstorrent.com/tt-metal/latest/ttnn/ttnn/api/ttnn.isposinf.html
15:20:22 INFO [125/2500] d=1 https://docs.tenstorrent.com/tt-metal/latest/ttnn/ttnn/api/ttnn.leaky_relu.html
15:20:22 INFO [126/2500] d=1 https://docs.tenstorrent.com/tt-metal/latest/ttnn/ttnn/api/ttnn.log10.html
15:20:22 INFO [127/2500] d=1 https://docs.tenstorrent.com/tt-metal/latest/ttnn/ttnn/api/ttnn.lgamma.html
15:20:22 INFO [128/2500] d=1 https://docs.tenstorrent.com/tt-metal/latest/ttnn/ttnn/api/ttnn.log.html
15:20:23 DEBUG https://docs.tenstorrent.com:443 "GET /tt-metal/latest/ttnn/ttnn/api/ttnn.logical_left_shift.html HTTP/1.1" 200 6208
15:20:23 DEBUG https://docs.tenstorrent.com:443 "GET /tt-metal/latest/ttnn/ttnn/api/ttnn.logical_not.html HTTP/1.1" 200 5472
15:20:23 DEBUG https://docs.tenstorrent.com:443 "GET /tt-metal/latest/ttnn/ttnn/api/ttnn.logical_not_.html HTTP/1.1" 200 5394
15:20:23 DEBUG https://docs.tenstorrent.com:443 "GET /tt-metal/latest/ttnn/ttnn/api/ttnn.log2.html HTTP/1.1" 200 5628
15:20:23 DEBUG https://docs.tenstorrent.com:443 "GET /tt-metal/latest/ttnn/ttnn/api/ttnn.log_sigmoid.html HTTP/1.1" 200 5435
15:20:23 DEBUG https://docs.tenstorrent.com:443 "GET /tt-metal/latest/ttnn/ttnn/api/ttnn.log1p.html HTTP/1.1" 200 5640
15:20:23 INFO [129/2500] d=1 https://docs.tenstorrent.com/tt-metal/latest/ttnn/ttnn/api/ttnn.logical_left_shift.html
15:20:23 INFO [130/2500] d=1 https://docs.tenstorrent.com/tt-metal/latest/ttnn/ttnn/api/ttnn.logical_not_.html
15:20:23 INFO [131/2500] d=1 https://docs.tenstorrent.com/tt-metal/latest/ttnn/ttnn/api/ttnn.logical_not.html
15:20:23 INFO [132/2500] d=1 https://docs.tenstorrent.com/tt-metal/latest/ttnn/ttnn/api/ttnn.log2.html
15:20:23 INFO [133/2500] d=1 https://docs.tenstorrent.com/tt-metal/latest/ttnn/ttnn/api/ttnn.log_sigmoid.html
15:20:23 INFO [134/2500] d=1 https://docs.tenstorrent.com/tt-metal/latest/ttnn/ttnn/api/ttnn.log1p.html
15:20:23 DEBUG https://docs.tenstorrent.com:443 "GET /tt-metal/latest/ttnn/ttnn/api/ttnn.ltz.html HTTP/1.1" 200 5499
15:20:23 DEBUG https://docs.tenstorrent.com:443 "GET /tt-metal/latest/ttnn/ttnn/api/ttnn.logit.html HTTP/1.1" 200 5403
15:20:23 DEBUG https://docs.tenstorrent.com:443 "GET /tt-metal/latest/ttnn/ttnn/api/ttnn.neg.html HTTP/1.1" 200 5424
15:20:23 DEBUG https://docs.tenstorrent.com:443 "GET /tt-metal/latest/ttnn/ttnn/api/ttnn.logical_right_shift.html HTTP/1.1" 200 6291
15:20:23 DEBUG https://docs.tenstorrent.com:443 "GET /tt-metal/latest/ttnn/ttnn/api/ttnn.multigammaln.html HTTP/1.1" 200 5438
15:20:23 DEBUG https://docs.tenstorrent.com:443 "GET /tt-metal/latest/ttnn/ttnn/api/ttnn.mish.html HTTP/1.1" 200 5444
15:20:23 INFO [135/2500] d=1 https://docs.tenstorrent.com/tt-metal/latest/ttnn/ttnn/api/ttnn.logit.html
15:20:23 INFO [136/2500] d=1 https://docs.tenstorrent.com/tt-metal/latest/ttnn/ttnn/api/ttnn.ltz.html
15:20:24 INFO [137/2500] d=1 https://docs.tenstorrent.com/tt-metal/latest/ttnn/ttnn/api/ttnn.neg.html
15:20:24 INFO [138/2500] d=1 https://docs.tenstorrent.com/tt-metal/latest/ttnn/ttnn/api/ttnn.multigammaln.html
15:20:24 INFO [139/2500] d=1 https://docs.tenstorrent.com/tt-metal/latest/ttnn/ttnn/api/ttnn.mish.html
15:20:24 INFO [140/2500] d=1 https://docs.tenstorrent.com/tt-metal/latest/ttnn/ttnn/api/ttnn.logical_right_shift.html
15:20:24 DEBUG https://docs.tenstorrent.com:443 "GET /tt-metal/latest/ttnn/ttnn/api/ttnn.normalize_global.html HTTP/1.1" 200 5391
15:20:24 DEBUG https://docs.tenstorrent.com:443 "GET /tt-metal/latest/ttnn/ttnn/api/ttnn.polygamma.html HTTP/1.1" 200 5272
15:20:24 DEBUG https://docs.tenstorrent.com:443 "GET /tt-metal/latest/ttnn/ttnn/api/ttnn.polar.html HTTP/1.1" 200 5222
15:20:24 DEBUG https://docs.tenstorrent.com:443 "GET /tt-metal/latest/ttnn/ttnn/api/ttnn.prelu.html HTTP/1.1" 200 6147
15:20:24 DEBUG https://docs.tenstorrent.com:443 "GET /tt-metal/latest/ttnn/ttnn/api/ttnn.normalize_hw.html HTTP/1.1" 200 5395
15:20:24 INFO [141/2500] d=1 https://docs.tenstorrent.com/tt-metal/latest/ttnn/ttnn/api/ttnn.normalize_global.html
15:20:24 DEBUG https://docs.tenstorrent.com:443 "GET /tt-metal/latest/ttnn/ttnn/api/ttnn.nez.html HTTP/1.1" 200 5449
15:20:24 INFO [142/2500] d=1 https://docs.tenstorrent.com/tt-metal/latest/ttnn/ttnn/api/ttnn.polygamma.html
15:20:24 INFO [143/2500] d=1 https://docs.tenstorrent.com/tt-metal/latest/ttnn/ttnn/api/ttnn.polar.html
15:20:24 INFO [144/2500] d=1 https://docs.tenstorrent.com/tt-metal/latest/ttnn/ttnn/api/ttnn.prelu.html
15:20:24 INFO [145/2500] d=1 https://docs.tenstorrent.com/tt-metal/latest/ttnn/ttnn/api/ttnn.normalize_hw.html
15:20:24 INFO [146/2500] d=1 https://docs.tenstorrent.com/tt-metal/latest/ttnn/ttnn/api/ttnn.nez.html
15:20:25 DEBUG https://docs.tenstorrent.com:443 "GET /tt-metal/latest/ttnn/ttnn/api/ttnn.rdiv.html HTTP/1.1" 200 5508
15:20:25 DEBUG https://docs.tenstorrent.com:443 "GET /tt-metal/latest/ttnn/ttnn/api/ttnn.real.html HTTP/1.1" 200 5110
15:20:25 DEBUG https://docs.tenstorrent.com:443 "GET /tt-metal/latest/ttnn/ttnn/api/ttnn.reglu.html HTTP/1.1" 200 5609
15:20:25 DEBUG https://docs.tenstorrent.com:443 "GET /tt-metal/latest/ttnn/ttnn/api/ttnn.rad2deg.html HTTP/1.1" 200 5438
15:20:25 DEBUG https://docs.tenstorrent.com:443 "GET /tt-metal/latest/ttnn/ttnn/api/ttnn.relu.html HTTP/1.1" 200 5426
15:20:25 DEBUG https://docs.tenstorrent.com:443 "GET /tt-metal/latest/ttnn/ttnn/api/ttnn.reciprocal.html HTTP/1.1" 200 5623
15:20:25 INFO [147/2500] d=1 https://docs.tenstorrent.com/tt-metal/latest/ttnn/ttnn/api/ttnn.rdiv.html
15:20:25 INFO [148/2500] d=1 https://docs.tenstorrent.com/tt-metal/latest/ttnn/ttnn/api/ttnn.reglu.html
15:20:25 INFO [149/2500] d=1 https://docs.tenstorrent.com/tt-metal/latest/ttnn/ttnn/api/ttnn.real.html
15:20:25 INFO [150/2500] d=1 https://docs.tenstorrent.com/tt-metal/latest/ttnn/ttnn/api/ttnn.rad2deg.html
15:20:25 INFO [151/2500] d=1 https://docs.tenstorrent.com/tt-metal/latest/ttnn/ttnn/api/ttnn.relu.html
15:20:25 INFO [152/2500] d=1 https://docs.tenstorrent.com/tt-metal/latest/ttnn/ttnn/api/ttnn.reciprocal.html
15:20:26 DEBUG https://docs.tenstorrent.com:443 "GET /tt-metal/latest/ttnn/ttnn/api/ttnn.relu_min.html HTTP/1.1" 200 5611
15:20:26 DEBUG https://docs.tenstorrent.com:443 "GET /tt-metal/latest/ttnn/ttnn/api/ttnn.relu_max.html HTTP/1.1" 200 5609
15:20:26 DEBUG https://docs.tenstorrent.com:443 "GET /tt-metal/latest/ttnn/ttnn/api/ttnn.round.html HTTP/1.1" 200 5609
15:20:26 DEBUG https://docs.tenstorrent.com:443 "GET /tt-metal/latest/ttnn/ttnn/api/ttnn.remainder.html HTTP/1.1" 200 6646
15:20:26 DEBUG https://docs.tenstorrent.com:443 "GET /tt-metal/latest/ttnn/ttnn/api/ttnn.rsqrt.html HTTP/1.1" 200 5642
15:20:26 DEBUG https://docs.tenstorrent.com:443 "GET /tt-metal/latest/ttnn/ttnn/api/ttnn.relu6.html HTTP/1.1" 200 5440
15:20:26 INFO [153/2500] d=1 https://docs.tenstorrent.com/tt-metal/latest/ttnn/ttnn/api/ttnn.relu_max.html
15:20:26 INFO [154/2500] d=1 https://docs.tenstorrent.com/tt-metal/latest/ttnn/ttnn/api/ttnn.round.html
15:20:26 INFO [155/2500] d=1 https://docs.tenstorrent.com/tt-metal/latest/ttnn/ttnn/api/ttnn.relu_min.html
15:20:26 INFO [156/2500] d=1 https://docs.tenstorrent.com/tt-metal/latest/ttnn/ttnn/api/ttnn.rsqrt.html
15:20:26 INFO [157/2500] d=1 https://docs.tenstorrent.com/tt-metal/latest/ttnn/ttnn/api/ttnn.remainder.html
15:20:26 INFO [158/2500] d=1 https://docs.tenstorrent.com/tt-metal/latest/ttnn/ttnn/api/ttnn.relu6.html
15:20:27 DEBUG https://docs.tenstorrent.com:443 "GET /tt-metal/latest/ttnn/ttnn/api/ttnn.sigmoid_accurate.html HTTP/1.1" 200 5681
15:20:27 DEBUG https://docs.tenstorrent.com:443 "GET /tt-metal/latest/ttnn/ttnn/api/ttnn.silu.html HTTP/1.1" 200 5431
15:20:27 DEBUG https://docs.tenstorrent.com:443 "GET /tt-metal/latest/ttnn/ttnn/api/ttnn.sigmoid.html HTTP/1.1" 200 5685
15:20:27 DEBUG https://docs.tenstorrent.com:443 "GET /tt-metal/latest/ttnn/ttnn/api/ttnn.selu.html HTTP/1.1" 200 5347
15:20:27 DEBUG https://docs.tenstorrent.com:443 "GET /tt-metal/latest/ttnn/ttnn/api/ttnn.signbit.html HTTP/1.1" 200 5445
15:20:27 INFO [159/2500] d=1 https://docs.tenstorrent.com/tt-metal/latest/ttnn/ttnn/api/ttnn.sigmoid_accurate.html
15:20:27 DEBUG https://docs.tenstorrent.com:443 "GET /tt-metal/latest/ttnn/ttnn/api/ttnn.sign.html HTTP/1.1" 200 5431
15:20:27 INFO [160/2500] d=1 https://docs.tenstorrent.com/tt-metal/latest/ttnn/ttnn/api/ttnn.silu.html
15:20:27 INFO [161/2500] d=1 https://docs.tenstorrent.com/tt-metal/latest/ttnn/ttnn/api/ttnn.sigmoid.html
15:20:27 INFO [162/2500] d=1 https://docs.tenstorrent.com/tt-metal/latest/ttnn/ttnn/api/ttnn.selu.html
15:20:27 INFO [163/2500] d=1 https://docs.tenstorrent.com/tt-metal/latest/ttnn/ttnn/api/ttnn.signbit.html
15:20:27 INFO [164/2500] d=1 https://docs.tenstorrent.com/tt-metal/latest/ttnn/ttnn/api/ttnn.sign.html
15:20:28 DEBUG https://docs.tenstorrent.com:443 "GET /tt-metal/latest/ttnn/ttnn/api/ttnn.softsign.html HTTP/1.1" 200 5431
15:20:28 DEBUG https://docs.tenstorrent.com:443 "GET /tt-metal/latest/ttnn/ttnn/api/ttnn.sin.html HTTP/1.1" 200 5415
15:20:28 DEBUG https://docs.tenstorrent.com:443 "GET /tt-metal/latest/ttnn/ttnn/api/ttnn.softshrink.html HTTP/1.1" 200 5521
15:20:28 DEBUG https://docs.tenstorrent.com:443 "GET /tt-metal/latest/ttnn/ttnn/api/ttnn.sqrt.html HTTP/1.1" 200 5625
15:20:28 INFO [165/2500] d=1 https://docs.tenstorrent.com/tt-metal/latest/ttnn/ttnn/api/ttnn.sin.html
15:20:28 INFO [166/2500] d=1 https://docs.tenstorrent.com/tt-metal/latest/ttnn/ttnn/api/ttnn.softsign.html
15:20:28 DEBUG https://docs.tenstorrent.com:443 "GET /tt-metal/latest/ttnn/ttnn/api/ttnn.sinh.html HTTP/1.1" 200 5383
15:20:28 DEBUG https://docs.tenstorrent.com:443 "GET /tt-metal/latest/ttnn/ttnn/api/ttnn.softplus.html HTTP/1.1" 200 5771
15:20:28 INFO [167/2500] d=1 https://docs.tenstorrent.com/tt-metal/latest/ttnn/ttnn/api/ttnn.sqrt.html
15:20:28 INFO [168/2500] d=1 https://docs.tenstorrent.com/tt-metal/latest/ttnn/ttnn/api/ttnn.softshrink.html
15:20:28 INFO [169/2500] d=1 https://docs.tenstorrent.com/tt-metal/latest/ttnn/ttnn/api/ttnn.sinh.html
15:20:28 INFO [170/2500] d=1 https://docs.tenstorrent.com/tt-metal/latest/ttnn/ttnn/api/ttnn.softplus.html
15:20:29 DEBUG https://docs.tenstorrent.com:443 "GET /tt-metal/latest/ttnn/ttnn/api/ttnn.std_hw.html HTTP/1.1" 200 5513
15:20:29 DEBUG https://docs.tenstorrent.com:443 "GET /tt-metal/latest/ttnn/ttnn/api/ttnn.tan.html HTTP/1.1" 200 5440
15:20:29 DEBUG https://docs.tenstorrent.com:443 "GET /tt-metal/latest/ttnn/ttnn/api/ttnn.tanh.html HTTP/1.1" 200 5663
15:20:29 DEBUG https://docs.tenstorrent.com:443 "GET /tt-metal/latest/ttnn/ttnn/api/ttnn.square.html HTTP/1.1" 200 5452
15:20:29 DEBUG https://docs.tenstorrent.com:443 "GET /tt-metal/latest/ttnn/ttnn/api/ttnn.swish.html HTTP/1.1" 200 5432
15:20:29 DEBUG https://docs.tenstorrent.com:443 "GET /tt-metal/latest/ttnn/ttnn/api/ttnn.swiglu.html HTTP/1.1" 200 5616
15:20:29 INFO [171/2500] d=1 https://docs.tenstorrent.com/tt-metal/latest/ttnn/ttnn/api/ttnn.std_hw.html
15:20:29 INFO [172/2500] d=1 https://docs.tenstorrent.com/tt-metal/latest/ttnn/ttnn/api/ttnn.tan.html
15:20:29 INFO [173/2500] d=1 https://docs.tenstorrent.com/tt-metal/latest/ttnn/ttnn/api/ttnn.tanh.html
15:20:29 INFO [174/2500] d=1 https://docs.tenstorrent.com/tt-metal/latest/ttnn/ttnn/api/ttnn.square.html
15:20:29 INFO [175/2500] d=1 https://docs.tenstorrent.com/tt-metal/latest/ttnn/ttnn/api/ttnn.swish.html
15:20:29 INFO [176/2500] d=1 https://docs.tenstorrent.com/tt-metal/latest/ttnn/ttnn/api/ttnn.swiglu.html
15:20:29 DEBUG https://docs.tenstorrent.com:443 "GET /tt-metal/latest/ttnn/ttnn/api/ttnn.tril.html HTTP/1.1" 200 5468
15:20:29 DEBUG https://docs.tenstorrent.com:443 "GET /tt-metal/latest/ttnn/ttnn/api/ttnn.trunc.html HTTP/1.1" 200 5495
15:20:29 DEBUG https://docs.tenstorrent.com:443 "GET /tt-metal/latest/ttnn/ttnn/api/ttnn.threshold.html HTTP/1.1" 200 5559
15:20:29 DEBUG https://docs.tenstorrent.com:443 "GET /tt-metal/latest/ttnn/ttnn/api/ttnn.tanhshrink.html HTTP/1.1" 200 5666
15:20:29 DEBUG https://docs.tenstorrent.com:443 "GET /tt-metal/latest/ttnn/ttnn/api/ttnn.unary_chain.html HTTP/1.1" 200 5639
15:20:29 DEBUG https://docs.tenstorrent.com:443 "GET /tt-metal/latest/ttnn/ttnn/api/ttnn.triu.html HTTP/1.1" 200 5464
15:20:29 INFO [177/2500] d=1 https://docs.tenstorrent.com/tt-metal/latest/ttnn/ttnn/api/ttnn.tril.html
15:20:29 INFO [178/2500] d=1 https://docs.tenstorrent.com/tt-metal/latest/ttnn/ttnn/api/ttnn.trunc.html
15:20:29 INFO [179/2500] d=1 https://docs.tenstorrent.com/tt-metal/latest/ttnn/ttnn/api/ttnn.threshold.html
15:20:30 INFO [180/2500] d=1 https://docs.tenstorrent.com/tt-metal/latest/ttnn/ttnn/api/ttnn.tanhshrink.html
15:20:30 INFO [181/2500] d=1 https://docs.tenstorrent.com/tt-metal/latest/ttnn/ttnn/api/ttnn.unary_chain.html
15:20:30 INFO [182/2500] d=1 https://docs.tenstorrent.com/tt-metal/latest/ttnn/ttnn/api/ttnn.triu.html
15:20:30 DEBUG https://docs.tenstorrent.com:443 "GET /tt-metal/latest/ttnn/ttnn/api/ttnn.add_.html HTTP/1.1" 200 4959
15:20:30 DEBUG https://docs.tenstorrent.com:443 "GET /tt-metal/latest/ttnn/ttnn/api/ttnn.var_hw.html HTTP/1.1" 200 5500
15:20:30 DEBUG https://docs.tenstorrent.com:443 "GET /tt-metal/latest/ttnn/ttnn/api/ttnn.add.html HTTP/1.1" 200 5832
15:20:30 DEBUG https://docs.tenstorrent.com:443 "GET /tt-metal/latest/ttnn/ttnn/api/ttnn.addalpha.html HTTP/1.1" 200 5755
15:20:30 DEBUG https://docs.tenstorrent.com:443 "GET /tt-metal/latest/ttnn/ttnn/api/ttnn.bias_gelu.html HTTP/1.1" 200 5468
15:20:30 DEBUG https://docs.tenstorrent.com:443 "GET /tt-metal/latest/ttnn/ttnn/api/ttnn.atan2.html HTTP/1.1" 200 5695
15:20:30 INFO [183/2500] d=1 https://docs.tenstorrent.com/tt-metal/latest/ttnn/ttnn/api/ttnn.var_hw.html
15:20:30 INFO [184/2500] d=1 https://docs.tenstorrent.com/tt-metal/latest/ttnn/ttnn/api/ttnn.add_.html
15:20:30 INFO [185/2500] d=1 https://docs.tenstorrent.com/tt-metal/latest/ttnn/ttnn/api/ttnn.add.html
15:20:30 INFO [186/2500] d=1 https://docs.tenstorrent.com/tt-metal/latest/ttnn/ttnn/api/ttnn.addalpha.html
15:20:30 INFO [187/2500] d=1 https://docs.tenstorrent.com/tt-metal/latest/ttnn/ttnn/api/ttnn.bias_gelu.html
15:20:30 INFO [188/2500] d=1 https://docs.tenstorrent.com/tt-metal/latest/ttnn/ttnn/api/ttnn.atan2.html
15:20:31 DEBUG https://docs.tenstorrent.com:443 "GET /tt-metal/latest/ttnn/ttnn/api/ttnn.bitwise_or.html HTTP/1.1" 200 5722
15:20:31 DEBUG https://docs.tenstorrent.com:443 "GET /tt-metal/latest/ttnn/ttnn/api/ttnn.bitwise_xor.html HTTP/1.1" 200 5727
15:20:31 DEBUG https://docs.tenstorrent.com:443 "GET /tt-metal/latest/ttnn/ttnn/api/ttnn.div_no_nan.html HTTP/1.1" 200 5668
15:20:31 DEBUG https://docs.tenstorrent.com:443 "GET /tt-metal/latest/ttnn/ttnn/api/ttnn.bitwise_and.html HTTP/1.1" 200 5728
15:20:31 DEBUG https://docs.tenstorrent.com:443 "GET /tt-metal/latest/ttnn/ttnn/api/ttnn.bias_gelu_.html HTTP/1.1" 200 5321
15:20:31 INFO [189/2500] d=1 https://docs.tenstorrent.com/tt-metal/latest/ttnn/ttnn/api/ttnn.bitwise_or.html
15:20:31 DEBUG https://docs.tenstorrent.com:443 "GET /tt-metal/latest/ttnn/ttnn/api/ttnn.div.html HTTP/1.1" 200 6049
15:20:31 INFO [190/2500] d=1 https://docs.tenstorrent.com/tt-metal/latest/ttnn/ttnn/api/ttnn.bitwise_xor.html
15:20:31 INFO [191/2500] d=1 https://docs.tenstorrent.com/tt-metal/latest/ttnn/ttnn/api/ttnn.bitwise_and.html
15:20:31 INFO [192/2500] d=1 https://docs.tenstorrent.com/tt-metal/latest/ttnn/ttnn/api/ttnn.div_no_nan.html
15:20:31 INFO [193/2500] d=1 https://docs.tenstorrent.com/tt-metal/latest/ttnn/ttnn/api/ttnn.bias_gelu_.html
15:20:31 INFO [194/2500] d=1 https://docs.tenstorrent.com/tt-metal/latest/ttnn/ttnn/api/ttnn.div.html
15:20:32 DEBUG https://docs.tenstorrent.com:443 "GET /tt-metal/latest/ttnn/ttnn/api/ttnn.divide.html HTTP/1.1" 200 5606
15:20:32 DEBUG https://docs.tenstorrent.com:443 "GET /tt-metal/latest/ttnn/ttnn/api/ttnn.fmod.html HTTP/1.1" 200 5655
15:20:32 DEBUG https://docs.tenstorrent.com:443 "GET /tt-metal/latest/ttnn/ttnn/api/ttnn.eq.html HTTP/1.1" 200 5818
15:20:32 DEBUG https://docs.tenstorrent.com:443 "GET /tt-metal/latest/ttnn/ttnn/api/ttnn.divide_.html HTTP/1.1" 200 5479
15:20:32 DEBUG https://docs.tenstorrent.com:443 "GET /tt-metal/latest/ttnn/ttnn/api/ttnn.floor_div.html HTTP/1.1" 200 5646
15:20:32 DEBUG https://docs.tenstorrent.com:443 "GET /tt-metal/latest/ttnn/ttnn/api/ttnn.eq_.html HTTP/1.1" 200 5628
15:20:32 INFO [195/2500] d=1 https://docs.tenstorrent.com/tt-metal/latest/ttnn/ttnn/api/ttnn.divide.html
15:20:32 INFO [196/2500] d=1 https://docs.tenstorrent.com/tt-metal/latest/ttnn/ttnn/api/ttnn.fmod.html
15:20:32 INFO [197/2500] d=1 https://docs.tenstorrent.com/tt-metal/latest/ttnn/ttnn/api/ttnn.eq.html
15:20:32 INFO [198/2500] d=1 https://docs.tenstorrent.com/tt-metal/latest/ttnn/ttnn/api/ttnn.divide_.html
15:20:32 INFO [199/2500] d=1 https://docs.tenstorrent.com/tt-metal/latest/ttnn/ttnn/api/ttnn.floor_div.html
15:20:32 INFO [200/2500] d=1 https://docs.tenstorrent.com/tt-metal/latest/ttnn/ttnn/api/ttnn.eq_.html
15:20:33 DEBUG https://docs.tenstorrent.com:443 "GET /tt-metal/latest/ttnn/ttnn/api/ttnn.hypot.html HTTP/1.1" 200 5663
15:20:33 DEBUG https://docs.tenstorrent.com:443 "GET /tt-metal/latest/ttnn/ttnn/api/ttnn.ge_.html HTTP/1.1" 200 5632
15:20:33 DEBUG https://docs.tenstorrent.com:443 "GET /tt-metal/latest/ttnn/ttnn/api/ttnn.gt_.html HTTP/1.1" 200 5629
15:20:33 DEBUG https://docs.tenstorrent.com:443 "GET /tt-metal/latest/ttnn/ttnn/api/ttnn.ge.html HTTP/1.1" 200 5839
15:20:33 DEBUG https://docs.tenstorrent.com:443 "GET /tt-metal/latest/ttnn/ttnn/api/ttnn.gcd.html HTTP/1.1" 200 5848
15:20:33 DEBUG https://docs.tenstorrent.com:443 "GET /tt-metal/latest/ttnn/ttnn/api/ttnn.gt.html HTTP/1.1" 200 5833
15:20:33 INFO [201/2500] d=1 https://docs.tenstorrent.com/tt-metal/latest/ttnn/ttnn/api/ttnn.hypot.html
15:20:33 INFO [202/2500] d=1 https://docs.tenstorrent.com/tt-metal/latest/ttnn/ttnn/api/ttnn.ge_.html
15:20:33 INFO [203/2500] d=1 https://docs.tenstorrent.com/tt-metal/latest/ttnn/ttnn/api/ttnn.gt_.html
15:20:33 INFO [204/2500] d=1 https://docs.tenstorrent.com/tt-metal/latest/ttnn/ttnn/api/ttnn.ge.html
15:20:33 INFO [205/2500] d=1 https://docs.tenstorrent.com/tt-metal/latest/ttnn/ttnn/api/ttnn.gcd.html
15:20:33 INFO [206/2500] d=1 https://docs.tenstorrent.com/tt-metal/latest/ttnn/ttnn/api/ttnn.gt.html
15:20:34 DEBUG https://docs.tenstorrent.com:443 "GET /tt-metal/latest/ttnn/ttnn/api/ttnn.ldexp.html HTTP/1.1" 200 5828
15:20:34 DEBUG https://docs.tenstorrent.com:443 "GET /tt-metal/latest/ttnn/ttnn/api/ttnn.ldexp_.html HTTP/1.1" 200 5313
15:20:34 DEBUG https://docs.tenstorrent.com:443 "GET /tt-metal/latest/ttnn/ttnn/api/ttnn.lcm.html HTTP/1.1" 200 5835
15:20:34 DEBUG https://docs.tenstorrent.com:443 "GET /tt-metal/latest/ttnn/ttnn/api/ttnn.le_.html HTTP/1.1" 200 5630
15:20:34 DEBUG https://docs.tenstorrent.com:443 "GET /tt-metal/latest/ttnn/ttnn/api/ttnn.le.html HTTP/1.1" 200 5830
15:20:34 DEBUG https://docs.tenstorrent.com:443 "GET /tt-metal/latest/ttnn/ttnn/api/ttnn.isclose.html HTTP/1.1" 200 5889
15:20:34 INFO [207/2500] d=1 https://docs.tenstorrent.com/tt-metal/latest/ttnn/ttnn/api/ttnn.ldexp.html
15:20:34 INFO [208/2500] d=1 https://docs.tenstorrent.com/tt-metal/latest/ttnn/ttnn/api/ttnn.ldexp_.html
15:20:34 INFO [209/2500] d=1 https://docs.tenstorrent.com/tt-metal/latest/ttnn/ttnn/api/ttnn.lcm.html
15:20:34 INFO [210/2500] d=1 https://docs.tenstorrent.com/tt-metal/latest/ttnn/ttnn/api/ttnn.le_.html
15:20:34 INFO [211/2500] d=1 https://docs.tenstorrent.com/tt-metal/latest/ttnn/ttnn/api/ttnn.le.html
15:20:34 INFO [212/2500] d=1 https://docs.tenstorrent.com/tt-metal/latest/ttnn/ttnn/api/ttnn.isclose.html
15:20:34 DEBUG https://docs.tenstorrent.com:443 "GET /tt-metal/latest/ttnn/ttnn/api/ttnn.logaddexp2_.html HTTP/1.1" 200 5314
15:20:34 DEBUG https://docs.tenstorrent.com:443 "GET /tt-metal/latest/ttnn/ttnn/api/ttnn.logaddexp_.html HTTP/1.1" 200 5328
15:20:34 DEBUG https://docs.tenstorrent.com:443 "GET /tt-metal/latest/ttnn/ttnn/api/ttnn.logaddexp.html HTTP/1.1" 200 5839
15:20:34 INFO [213/2500] d=1 https://docs.tenstorrent.com/tt-metal/latest/ttnn/ttnn/api/ttnn.logaddexp2_.html
15:20:34 INFO [214/2500] d=1 https://docs.tenstorrent.com/tt-metal/latest/ttnn/ttnn/api/ttnn.logaddexp_.html
15:20:34 DEBUG https://docs.tenstorrent.com:443 "GET /tt-metal/latest/ttnn/ttnn/api/ttnn.logical_and_.html HTTP/1.1" 200 5483
15:20:34 DEBUG https://docs.tenstorrent.com:443 "GET /tt-metal/latest/ttnn/ttnn/api/ttnn.logical_and.html HTTP/1.1" 200 5868
15:20:34 DEBUG https://docs.tenstorrent.com:443 "GET /tt-metal/latest/ttnn/ttnn/api/ttnn.logaddexp2.html HTTP/1.1" 200 5828
15:20:34 INFO [215/2500] d=1 https://docs.tenstorrent.com/tt-metal/latest/ttnn/ttnn/api/ttnn.logaddexp.html
15:20:34 INFO [216/2500] d=1 https://docs.tenstorrent.com/tt-metal/latest/ttnn/ttnn/api/ttnn.logical_and_.html
15:20:34 INFO [217/2500] d=1 https://docs.tenstorrent.com/tt-metal/latest/ttnn/ttnn/api/ttnn.logical_and.html
15:20:35 INFO [218/2500] d=1 https://docs.tenstorrent.com/tt-metal/latest/ttnn/ttnn/api/ttnn.logaddexp2.html
15:20:35 DEBUG https://docs.tenstorrent.com:443 "GET /tt-metal/latest/ttnn/ttnn/api/ttnn.logical_xor.html HTTP/1.1" 200 5839
15:20:35 DEBUG https://docs.tenstorrent.com:443 "GET /tt-metal/latest/ttnn/ttnn/api/ttnn.lt.html HTTP/1.1" 200 5834
15:20:35 DEBUG https://docs.tenstorrent.com:443 "GET /tt-metal/latest/ttnn/ttnn/api/ttnn.lt_.html HTTP/1.1" 200 5624
15:20:35 DEBUG https://docs.tenstorrent.com:443 "GET /tt-metal/latest/ttnn/ttnn/api/ttnn.logical_or_.html HTTP/1.1" 200 5473
15:20:35 DEBUG https://docs.tenstorrent.com:443 "GET /tt-metal/latest/ttnn/ttnn/api/ttnn.logical_or.html HTTP/1.1" 200 5828
15:20:35 DEBUG https://docs.tenstorrent.com:443 "GET /tt-metal/latest/ttnn/ttnn/api/ttnn.logical_xor_.html HTTP/1.1" 200 5493
15:20:35 INFO [219/2500] d=1 https://docs.tenstorrent.com/tt-metal/latest/ttnn/ttnn/api/ttnn.logical_xor.html
15:20:35 INFO [220/2500] d=1 https://docs.tenstorrent.com/tt-metal/latest/ttnn/ttnn/api/ttnn.lt.html
15:20:35 INFO [221/2500] d=1 https://docs.tenstorrent.com/tt-metal/latest/ttnn/ttnn/api/ttnn.logical_or_.html
15:20:35 INFO [222/2500] d=1 https://docs.tenstorrent.com/tt-metal/latest/ttnn/ttnn/api/ttnn.lt_.html
15:20:35 INFO [223/2500] d=1 https://docs.tenstorrent.com/tt-metal/latest/ttnn/ttnn/api/ttnn.logical_or.html
15:20:35 INFO [224/2500] d=1 https://docs.tenstorrent.com/tt-metal/latest/ttnn/ttnn/api/ttnn.logical_xor_.html
15:20:36 DEBUG https://docs.tenstorrent.com:443 "GET /tt-metal/latest/ttnn/ttnn/api/ttnn.multiply_.html HTTP/1.1" 200 4969
15:20:36 DEBUG https://docs.tenstorrent.com:443 "GET /tt-metal/latest/ttnn/ttnn/api/ttnn.multiply.html HTTP/1.1" 200 5831
15:20:36 DEBUG https://docs.tenstorrent.com:443 "GET /tt-metal/latest/ttnn/ttnn/api/ttnn.ne.html HTTP/1.1" 200 5815
15:20:36 DEBUG https://docs.tenstorrent.com:443 "GET /tt-metal/latest/ttnn/ttnn/api/ttnn.minimum.html HTTP/1.1" 200 5593
15:20:36 DEBUG https://docs.tenstorrent.com:443 "GET /tt-metal/latest/ttnn/ttnn/api/ttnn.maximum.html HTTP/1.1" 200 5641
15:20:36 DEBUG https://docs.tenstorrent.com:443 "GET /tt-metal/latest/ttnn/ttnn/api/ttnn.ne_.html HTTP/1.1" 200 5625
15:20:36 INFO [225/2500] d=1 https://docs.tenstorrent.com/tt-metal/latest/ttnn/ttnn/api/ttnn.multiply_.html
15:20:36 INFO [226/2500] d=1 https://docs.tenstorrent.com/tt-metal/latest/ttnn/ttnn/api/ttnn.multiply.html
15:20:36 INFO [227/2500] d=1 https://docs.tenstorrent.com/tt-metal/latest/ttnn/ttnn/api/ttnn.ne.html
15:20:36 INFO [228/2500] d=1 https://docs.tenstorrent.com/tt-metal/latest/ttnn/ttnn/api/ttnn.minimum.html
15:20:36 INFO [229/2500] d=1 https://docs.tenstorrent.com/tt-metal/latest/ttnn/ttnn/api/ttnn.maximum.html
15:20:36 INFO [230/2500] d=1 https://docs.tenstorrent.com/tt-metal/latest/ttnn/ttnn/api/ttnn.ne_.html
15:20:37 DEBUG https://docs.tenstorrent.com:443 "GET /tt-metal/latest/ttnn/ttnn/api/ttnn.rpow.html HTTP/1.1" 200 5109
15:20:37 DEBUG https://docs.tenstorrent.com:443 "GET /tt-metal/latest/ttnn/ttnn/api/ttnn.rsub.html HTTP/1.1" 200 5835
15:20:37 DEBUG https://docs.tenstorrent.com:443 "GET /tt-metal/latest/ttnn/ttnn/api/ttnn.polyval.html HTTP/1.1" 200 5660
15:20:37 DEBUG https://docs.tenstorrent.com:443 "GET /tt-metal/latest/ttnn/ttnn/api/ttnn.outer.html HTTP/1.1" 200 5580
15:20:37 DEBUG https://docs.tenstorrent.com:443 "GET /tt-metal/latest/ttnn/ttnn/api/ttnn.pow.html HTTP/1.1" 200 5776
15:20:37 DEBUG https://docs.tenstorrent.com:443 "GET /tt-metal/latest/ttnn/ttnn/api/ttnn.nextafter.html HTTP/1.1" 200 5728
15:20:37 INFO [231/2500] d=1 https://docs.tenstorrent.com/tt-metal/latest/ttnn/ttnn/api/ttnn.polyval.html
15:20:37 INFO [232/2500] d=1 https://docs.tenstorrent.com/tt-metal/latest/ttnn/ttnn/api/ttnn.rsub.html
15:20:37 INFO [233/2500] d=1 https://docs.tenstorrent.com/tt-metal/latest/ttnn/ttnn/api/ttnn.rpow.html
15:20:37 INFO [234/2500] d=1 https://docs.tenstorrent.com/tt-metal/latest/ttnn/ttnn/api/ttnn.outer.html
15:20:37 INFO [235/2500] d=1 https://docs.tenstorrent.com/tt-metal/latest/ttnn/ttnn/api/ttnn.nextafter.html
15:20:37 INFO [236/2500] d=1 https://docs.tenstorrent.com/tt-metal/latest/ttnn/ttnn/api/ttnn.pow.html
15:20:37 DEBUG https://docs.tenstorrent.com:443 "GET /tt-metal/latest/ttnn/ttnn/api/ttnn.squared_difference_.html HTTP/1.1" 200 5338
15:20:37 DEBUG https://docs.tenstorrent.com:443 "GET /tt-metal/latest/ttnn/ttnn/api/ttnn.scatter.html HTTP/1.1" 200 5121
15:20:37 DEBUG https://docs.tenstorrent.com:443 "GET /tt-metal/latest/ttnn/ttnn/api/ttnn.subalpha.html HTTP/1.1" 200 5761
15:20:37 DEBUG https://docs.tenstorrent.com:443 "GET /tt-metal/latest/ttnn/ttnn/api/ttnn.squared_difference.html HTTP/1.1" 200 5854
15:20:37 DEBUG https://docs.tenstorrent.com:443 "GET /tt-metal/latest/ttnn/ttnn/api/ttnn.rsub_.html HTTP/1.1" 200 5321
15:20:37 INFO [237/2500] d=1 https://docs.tenstorrent.com/tt-metal/latest/ttnn/ttnn/api/ttnn.squared_difference_.html
15:20:37 INFO [238/2500] d=1 https://docs.tenstorrent.com/tt-metal/latest/ttnn/ttnn/api/ttnn.scatter.html
15:20:37 INFO [239/2500] d=1 https://docs.tenstorrent.com/tt-metal/latest/ttnn/ttnn/api/ttnn.subalpha.html
15:20:37 DEBUG https://docs.tenstorrent.com:443 "GET /tt-metal/latest/ttnn/ttnn/api/ttnn.scatter_add.html HTTP/1.1" 200 4569
15:20:38 INFO [240/2500] d=1 https://docs.tenstorrent.com/tt-metal/latest/ttnn/ttnn/api/ttnn.squared_difference.html
15:20:38 INFO [241/2500] d=1 https://docs.tenstorrent.com/tt-metal/latest/ttnn/ttnn/api/ttnn.rsub_.html
15:20:38 INFO [242/2500] d=1 https://docs.tenstorrent.com/tt-metal/latest/ttnn/ttnn/api/ttnn.scatter_add.html
15:20:38 DEBUG https://docs.tenstorrent.com:443 "GET /tt-metal/latest/ttnn/ttnn/api/ttnn.subtract_.html HTTP/1.1" 200 4966
15:20:38 DEBUG https://docs.tenstorrent.com:443 "GET /tt-metal/latest/ttnn/ttnn/api/ttnn.subtract.html HTTP/1.1" 200 5844
15:20:38 DEBUG https://docs.tenstorrent.com:443 "GET /tt-metal/latest/ttnn/ttnn/api/ttnn.addcdiv.html HTTP/1.1" 200 4511
15:20:38 DEBUG https://docs.tenstorrent.com:443 "GET /tt-metal/latest/ttnn/ttnn/api/ttnn.addcmul.html HTTP/1.1" 200 4529
15:20:38 DEBUG https://docs.tenstorrent.com:443 "GET /tt-metal/latest/ttnn/ttnn/api/ttnn.lerp.html HTTP/1.1" 200 4687
15:20:38 DEBUG https://docs.tenstorrent.com:443 "GET /tt-metal/latest/ttnn/ttnn/api/ttnn.xlogy.html HTTP/1.1" 200 5819
15:20:38 INFO [243/2500] d=1 https://docs.tenstorrent.com/tt-metal/latest/ttnn/ttnn/api/ttnn.subtract_.html
15:20:38 INFO [244/2500] d=1 https://docs.tenstorrent.com/tt-metal/latest/ttnn/ttnn/api/ttnn.subtract.html
15:20:38 INFO [245/2500] d=1 https://docs.tenstorrent.com/tt-metal/latest/ttnn/ttnn/api/ttnn.addcdiv.html
15:20:38 INFO [246/2500] d=1 https://docs.tenstorrent.com/tt-metal/latest/ttnn/ttnn/api/ttnn.addcmul.html
15:20:38 INFO [247/2500] d=1 https://docs.tenstorrent.com/tt-metal/latest/ttnn/ttnn/api/ttnn.lerp.html
15:20:38 INFO [248/2500] d=1 https://docs.tenstorrent.com/tt-metal/latest/ttnn/ttnn/api/ttnn.xlogy.html
15:20:39 DEBUG https://docs.tenstorrent.com:443 "GET /tt-metal/latest/ttnn/ttnn/api/ttnn.requantize.html HTTP/1.1" 200 4907
15:20:39 DEBUG https://docs.tenstorrent.com:443 "GET /tt-metal/latest/ttnn/ttnn/api/ttnn.where.html HTTP/1.1" 200 4680
15:20:39 DEBUG https://docs.tenstorrent.com:443 "GET /tt-metal/latest/ttnn/ttnn/api/ttnn.l1_loss.html HTTP/1.1" 200 4161
15:20:39 DEBUG https://docs.tenstorrent.com:443 "GET /tt-metal/latest/ttnn/ttnn/api/ttnn.quantize.html HTTP/1.1" 200 4297
15:20:39 DEBUG https://docs.tenstorrent.com:443 "GET /tt-metal/latest/ttnn/ttnn/api/ttnn.mac.html HTTP/1.1" 200 4477
15:20:39 INFO [249/2500] d=1 https://docs.tenstorrent.com/tt-metal/latest/ttnn/ttnn/api/ttnn.requantize.html
15:20:39 DEBUG https://docs.tenstorrent.com:443 "GET /tt-metal/latest/ttnn/ttnn/api/ttnn.dequantize.html HTTP/1.1" 200 4302
15:20:39 INFO [250/2500] d=1 https://docs.tenstorrent.com/tt-metal/latest/ttnn/ttnn/api/ttnn.where.html
15:20:39 INFO [251/2500] d=1 https://docs.tenstorrent.com/tt-metal/latest/ttnn/ttnn/api/ttnn.l1_loss.html
15:20:39 INFO [252/2500] d=1 https://docs.tenstorrent.com/tt-metal/latest/ttnn/ttnn/api/ttnn.quantize.html
15:20:39 INFO [253/2500] d=1 https://docs.tenstorrent.com/tt-metal/latest/ttnn/ttnn/api/ttnn.mac.html
15:20:39 INFO [254/2500] d=1 https://docs.tenstorrent.com/tt-metal/latest/ttnn/ttnn/api/ttnn.dequantize.html
15:20:39 DEBUG https://docs.tenstorrent.com:443 "GET /tt-metal/latest/ttnn/ttnn/api/ttnn.mse_loss.html HTTP/1.1" 200 4164
15:20:39 DEBUG https://docs.tenstorrent.com:443 "GET /tt-metal/latest/ttnn/ttnn/api/ttnn.cumprod.html HTTP/1.1" 200 5074
15:20:39 DEBUG https://docs.tenstorrent.com:443 "GET /tt-metal/latest/ttnn/ttnn/api/ttnn.ema.html HTTP/1.1" 200 5120
15:20:39 DEBUG https://docs.tenstorrent.com:443 "GET /tt-metal/latest/ttnn/ttnn/api/ttnn.manual_seed.html HTTP/1.1" 200 4713
15:20:39 DEBUG https://docs.tenstorrent.com:443 "GET /tt-metal/latest/ttnn/ttnn/api/ttnn.cumsum.html HTTP/1.1" 200 5027
15:20:39 DEBUG https://docs.tenstorrent.com:443 "GET /tt-metal/latest/ttnn/ttnn/api/ttnn.argmax.html HTTP/1.1" 200 4889
15:20:39 INFO [255/2500] d=1 https://docs.tenstorrent.com/tt-metal/latest/ttnn/ttnn/api/ttnn.mse_loss.html
15:20:39 INFO [256/2500] d=1 https://docs.tenstorrent.com/tt-metal/latest/ttnn/ttnn/api/ttnn.cumprod.html
15:20:39 INFO [257/2500] d=1 https://docs.tenstorrent.com/tt-metal/latest/ttnn/ttnn/api/ttnn.manual_seed.html
15:20:39 INFO [258/2500] d=1 https://docs.tenstorrent.com/tt-metal/latest/ttnn/ttnn/api/ttnn.ema.html
15:20:39 INFO [259/2500] d=1 https://docs.tenstorrent.com/tt-metal/latest/ttnn/ttnn/api/ttnn.cumsum.html
15:20:40 INFO [260/2500] d=1 https://docs.tenstorrent.com/tt-metal/latest/ttnn/ttnn/api/ttnn.argmax.html
15:20:40 DEBUG https://docs.tenstorrent.com:443 "GET /tt-metal/latest/ttnn/ttnn/api/ttnn.min.html HTTP/1.1" 200 4932
15:20:40 DEBUG https://docs.tenstorrent.com:443 "GET /tt-metal/latest/ttnn/ttnn/api/ttnn.moe.html HTTP/1.1" 200 4764
15:20:40 DEBUG https://docs.tenstorrent.com:443 "GET /tt-metal/latest/ttnn/ttnn/api/ttnn.sampling.html HTTP/1.1" 200 5962
15:20:40 DEBUG https://docs.tenstorrent.com:443 "GET /tt-metal/latest/ttnn/ttnn/api/ttnn.prod.html HTTP/1.1" 200 5360
15:20:40 DEBUG https://docs.tenstorrent.com:443 "GET /tt-metal/latest/ttnn/ttnn/api/ttnn.mean.html HTTP/1.1" 200 4935
15:20:40 DEBUG https://docs.tenstorrent.com:443 "GET /tt-metal/latest/ttnn/ttnn/api/ttnn.max.html HTTP/1.1" 200 4935
15:20:40 INFO [261/2500] d=1 https://docs.tenstorrent.com/tt-metal/latest/ttnn/ttnn/api/ttnn.min.html
15:20:40 INFO [262/2500] d=1 https://docs.tenstorrent.com/tt-metal/latest/ttnn/ttnn/api/ttnn.moe.html
15:20:40 INFO [263/2500] d=1 https://docs.tenstorrent.com/tt-metal/latest/ttnn/ttnn/api/ttnn.sampling.html
15:20:40 INFO [264/2500] d=1 https://docs.tenstorrent.com/tt-metal/latest/ttnn/ttnn/api/ttnn.mean.html
15:20:40 INFO [265/2500] d=1 https://docs.tenstorrent.com/tt-metal/latest/ttnn/ttnn/api/ttnn.prod.html
15:20:40 INFO [266/2500] d=1 https://docs.tenstorrent.com/tt-metal/latest/ttnn/ttnn/api/ttnn.max.html
15:20:41 DEBUG https://docs.tenstorrent.com:443 "GET /tt-metal/latest/ttnn/ttnn/api/ttnn.bcast.html HTTP/1.1" 200 4791
15:20:41 DEBUG https://docs.tenstorrent.com:443 "GET /tt-metal/latest/ttnn/ttnn/api/ttnn.std.html HTTP/1.1" 200 4929
15:20:41 DEBUG https://docs.tenstorrent.com:443 "GET /tt-metal/latest/ttnn/ttnn/api/ttnn.topk.html HTTP/1.1" 200 5457
15:20:41 DEBUG https://docs.tenstorrent.com:443 "GET /tt-metal/latest/ttnn/ttnn/api/ttnn.var.html HTTP/1.1" 200 4935
15:20:41 DEBUG https://docs.tenstorrent.com:443 "GET /tt-metal/latest/ttnn/ttnn/api/ttnn.assign.html HTTP/1.1" 200 4213
15:20:41 DEBUG https://docs.tenstorrent.com:443 "GET /tt-metal/latest/ttnn/ttnn/api/ttnn.sum.html HTTP/1.1" 200 4930
15:20:41 INFO [267/2500] d=1 https://docs.tenstorrent.com/tt-metal/latest/ttnn/ttnn/api/ttnn.bcast.html
15:20:41 INFO [268/2500] d=1 https://docs.tenstorrent.com/tt-metal/latest/ttnn/ttnn/api/ttnn.std.html
15:20:41 INFO [269/2500] d=1 https://docs.tenstorrent.com/tt-metal/latest/ttnn/ttnn/api/ttnn.var.html
15:20:41 INFO [270/2500] d=1 https://docs.tenstorrent.com/tt-metal/latest/ttnn/ttnn/api/ttnn.assign.html
15:20:41 INFO [271/2500] d=1 https://docs.tenstorrent.com/tt-metal/latest/ttnn/ttnn/api/ttnn.topk.html
15:20:41 INFO [272/2500] d=1 https://docs.tenstorrent.com/tt-metal/latest/ttnn/ttnn/api/ttnn.sum.html
15:20:41 DEBUG https://docs.tenstorrent.com:443 "GET /tt-metal/latest/ttnn/ttnn/api/ttnn.fill_ones_rm.html HTTP/1.1" 200 5065
15:20:41 DEBUG https://docs.tenstorrent.com:443 "GET /tt-metal/latest/ttnn/ttnn/api/ttnn.copy.html HTTP/1.1" 200 4117
15:20:41 DEBUG https://docs.tenstorrent.com:443 "GET /tt-metal/latest/ttnn/ttnn/api/ttnn.expand.html HTTP/1.1" 200 4241
15:20:41 DEBUG https://docs.tenstorrent.com:443 "GET /tt-metal/latest/ttnn/ttnn/api/ttnn.fill_implicit_tile_padding.html HTTP/1.1" 200 4513
15:20:41 DEBUG https://docs.tenstorrent.com:443 "GET /tt-metal/latest/ttnn/ttnn/api/ttnn.concat.html HTTP/1.1" 200 4791
15:20:41 DEBUG https://docs.tenstorrent.com:443 "GET /tt-metal/latest/ttnn/ttnn/api/ttnn.chunk.html HTTP/1.1" 200 3998
15:20:41 INFO [273/2500] d=1 https://docs.tenstorrent.com/tt-metal/latest/ttnn/ttnn/api/ttnn.fill_ones_rm.html
15:20:42 INFO [274/2500] d=1 https://docs.tenstorrent.com/tt-metal/latest/ttnn/ttnn/api/ttnn.copy.html
15:20:42 INFO [275/2500] d=1 https://docs.tenstorrent.com/tt-metal/latest/ttnn/ttnn/api/ttnn.expand.html
15:20:42 INFO [276/2500] d=1 https://docs.tenstorrent.com/tt-metal/latest/ttnn/ttnn/api/ttnn.fill_implicit_tile_padding.html
15:20:42 INFO [277/2500] d=1 https://docs.tenstorrent.com/tt-metal/latest/ttnn/ttnn/api/ttnn.concat.html
15:20:42 INFO [278/2500] d=1 https://docs.tenstorrent.com/tt-metal/latest/ttnn/ttnn/api/ttnn.chunk.html
15:20:42 DEBUG https://docs.tenstorrent.com:443 "GET /tt-metal/latest/ttnn/ttnn/api/ttnn.gather.html HTTP/1.1" 200 5071
15:20:42 DEBUG https://docs.tenstorrent.com:443 "GET /tt-metal/latest/ttnn/ttnn/api/ttnn.fold.html HTTP/1.1" 200 4131
15:20:42 DEBUG https://docs.tenstorrent.com:443 "GET /tt-metal/latest/ttnn/ttnn/api/ttnn.indexed_fill.html HTTP/1.1" 200 4794
15:20:42 DEBUG https://docs.tenstorrent.com:443 "GET /tt-metal/latest/ttnn/ttnn/api/ttnn.interleaved_to_sharded_partial.html HTTP/1.1" 200 4424
15:20:42 DEBUG https://docs.tenstorrent.com:443 "GET /tt-metal/latest/ttnn/ttnn/api/ttnn.fill_rm.html HTTP/1.1" 200 5370
15:20:42 DEBUG https://docs.tenstorrent.com:443 "GET /tt-metal/latest/ttnn/ttnn/api/ttnn.interleaved_to_sharded.html HTTP/1.1" 200 4679
15:20:42 INFO [279/2500] d=1 https://docs.tenstorrent.com/tt-metal/latest/ttnn/ttnn/api/ttnn.gather.html
15:20:42 INFO [280/2500] d=1 https://docs.tenstorrent.com/tt-metal/latest/ttnn/ttnn/api/ttnn.fold.html
15:20:42 INFO [281/2500] d=1 https://docs.tenstorrent.com/tt-metal/latest/ttnn/ttnn/api/ttnn.indexed_fill.html
15:20:42 INFO [282/2500] d=1 https://docs.tenstorrent.com/tt-metal/latest/ttnn/ttnn/api/ttnn.interleaved_to_sharded_partial.html
15:20:42 INFO [283/2500] d=1 https://docs.tenstorrent.com/tt-metal/latest/ttnn/ttnn/api/ttnn.fill_rm.html
15:20:42 INFO [284/2500] d=1 https://docs.tenstorrent.com/tt-metal/latest/ttnn/ttnn/api/ttnn.interleaved_to_sharded.html
15:20:43 DEBUG https://docs.tenstorrent.com:443 "GET /tt-metal/latest/ttnn/ttnn/api/ttnn.moe_expert_token_remap.html HTTP/1.1" 200 4513
15:20:43 DEBUG https://docs.tenstorrent.com:443 "GET /tt-metal/latest/ttnn/ttnn/api/ttnn.nonzero.html HTTP/1.1" 200 4362
15:20:43 DEBUG https://docs.tenstorrent.com:443 "GET /tt-metal/latest/ttnn/ttnn/api/ttnn.pad.html HTTP/1.1" 200 4740
15:20:43 DEBUG https://docs.tenstorrent.com:443 "GET /tt-metal/latest/ttnn/ttnn/api/ttnn.move.html HTTP/1.1" 200 4174
15:20:43 DEBUG https://docs.tenstorrent.com:443 "GET /tt-metal/latest/ttnn/ttnn/api/ttnn.moe_routing_remap.html HTTP/1.1" 200 4683
15:20:43 INFO [285/2500] d=1 https://docs.tenstorrent.com/tt-metal/latest/ttnn/ttnn/api/ttnn.moe_expert_token_remap.html
15:20:43 DEBUG https://docs.tenstorrent.com:443 "GET /tt-metal/latest/ttnn/ttnn/api/ttnn.permute.html HTTP/1.1" 200 4619
15:20:43 INFO [286/2500] d=1 https://docs.tenstorrent.com/tt-metal/latest/ttnn/ttnn/api/ttnn.nonzero.html
15:20:43 INFO [287/2500] d=1 https://docs.tenstorrent.com/tt-metal/latest/ttnn/ttnn/api/ttnn.pad.html
15:20:43 INFO [288/2500] d=1 https://docs.tenstorrent.com/tt-metal/latest/ttnn/ttnn/api/ttnn.move.html
15:20:43 INFO [289/2500] d=1 https://docs.tenstorrent.com/tt-metal/latest/ttnn/ttnn/api/ttnn.moe_routing_remap.html
15:20:43 INFO [290/2500] d=1 https://docs.tenstorrent.com/tt-metal/latest/ttnn/ttnn/api/ttnn.permute.html
15:20:43 DEBUG https://docs.tenstorrent.com:443 "GET /tt-metal/latest/ttnn/ttnn/api/ttnn.repeat.html HTTP/1.1" 200 4618
15:20:43 DEBUG https://docs.tenstorrent.com:443 "GET /tt-metal/latest/ttnn/ttnn/api/ttnn.reshape_on_device.html HTTP/1.1" 200 4408
15:20:43 DEBUG https://docs.tenstorrent.com:443 "GET /tt-metal/latest/ttnn/ttnn/api/ttnn.reshape.html HTTP/1.1" 200 4727
15:20:43 DEBUG https://docs.tenstorrent.com:443 "GET /tt-metal/latest/ttnn/ttnn/api/ttnn.repeat_interleave.html HTTP/1.1" 200 4654
15:20:43 DEBUG https://docs.tenstorrent.com:443 "GET /tt-metal/latest/ttnn/ttnn/api/ttnn.roll.html HTTP/1.1" 200 4144
15:20:43 DEBUG https://docs.tenstorrent.com:443 "GET /tt-metal/latest/ttnn/ttnn/api/ttnn.reshard.html HTTP/1.1" 200 4291
15:20:43 INFO [291/2500] d=1 https://docs.tenstorrent.com/tt-metal/latest/ttnn/ttnn/api/ttnn.repeat.html
15:20:43 INFO [292/2500] d=1 https://docs.tenstorrent.com/tt-metal/latest/ttnn/ttnn/api/ttnn.reshape_on_device.html
15:20:43 INFO [293/2500] d=1 https://docs.tenstorrent.com/tt-metal/latest/ttnn/ttnn/api/ttnn.reshape.html
15:20:43 INFO [294/2500] d=1 https://docs.tenstorrent.com/tt-metal/latest/ttnn/ttnn/api/ttnn.repeat_interleave.html
15:20:43 INFO [295/2500] d=1 https://docs.tenstorrent.com/tt-metal/latest/ttnn/ttnn/api/ttnn.reshard.html
15:20:43 INFO [296/2500] d=1 https://docs.tenstorrent.com/tt-metal/latest/ttnn/ttnn/api/ttnn.roll.html
15:20:44 DEBUG https://docs.tenstorrent.com:443 "GET /tt-metal/latest/ttnn/ttnn/api/ttnn.sharded_to_interleaved_partial.html HTTP/1.1" 200 4292
15:20:44 DEBUG https://docs.tenstorrent.com:443 "GET /tt-metal/latest/ttnn/ttnn/api/ttnn.sharded_to_interleaved.html HTTP/1.1" 200 4227
15:20:44 DEBUG https://docs.tenstorrent.com:443 "GET /tt-metal/latest/ttnn/ttnn/api/ttnn.sort.html HTTP/1.1" 200 5217
15:20:44 DEBUG https://docs.tenstorrent.com:443 "GET /tt-metal/latest/ttnn/ttnn/api/ttnn.slice.html HTTP/1.1" 200 4849
15:20:44 DEBUG https://docs.tenstorrent.com:443 "GET /tt-metal/latest/ttnn/ttnn/api/ttnn.squeeze.html HTTP/1.1" 200 4283
15:20:44 DEBUG https://docs.tenstorrent.com:443 "GET /tt-metal/latest/ttnn/ttnn/api/ttnn.split.html HTTP/1.1" 200 4201
15:20:44 INFO [297/2500] d=1 https://docs.tenstorrent.com/tt-metal/latest/ttnn/ttnn/api/ttnn.sharded_to_interleaved_partial.html
15:20:44 INFO [298/2500] d=1 https://docs.tenstorrent.com/tt-metal/latest/ttnn/ttnn/api/ttnn.sharded_to_interleaved.html
15:20:44 INFO [299/2500] d=1 https://docs.tenstorrent.com/tt-metal/latest/ttnn/ttnn/api/ttnn.sort.html
15:20:44 INFO [300/2500] d=1 https://docs.tenstorrent.com/tt-metal/latest/ttnn/ttnn/api/ttnn.slice.html
15:20:44 INFO [301/2500] d=1 https://docs.tenstorrent.com/tt-metal/latest/ttnn/ttnn/api/ttnn.squeeze.html
15:20:44 INFO [302/2500] d=1 https://docs.tenstorrent.com/tt-metal/latest/ttnn/ttnn/api/ttnn.split.html
15:20:44 DEBUG https://docs.tenstorrent.com:443 "GET /tt-metal/latest/ttnn/ttnn/api/ttnn.unsqueeze.html HTTP/1.1" 200 4192
15:20:44 DEBUG https://docs.tenstorrent.com:443 "GET /tt-metal/latest/ttnn/ttnn/api/ttnn.stack.html HTTP/1.1" 200 4177
15:20:44 DEBUG https://docs.tenstorrent.com:443 "GET /tt-metal/latest/ttnn/ttnn/api/ttnn.tilize_with_val_padding.html HTTP/1.1" 200 4746
15:20:44 DEBUG https://docs.tenstorrent.com:443 "GET /tt-metal/latest/ttnn/ttnn/api/ttnn.transpose.html HTTP/1.1" 200 4208
15:20:44 INFO [303/2500] d=1 https://docs.tenstorrent.com/tt-metal/latest/ttnn/ttnn/api/ttnn.unsqueeze.html
15:20:44 DEBUG https://docs.tenstorrent.com:443 "GET /tt-metal/latest/ttnn/ttnn/api/ttnn.tilize.html HTTP/1.1" 200 4775
15:20:44 INFO [304/2500] d=1 https://docs.tenstorrent.com/tt-metal/latest/ttnn/ttnn/api/ttnn.stack.html
15:20:44 DEBUG https://docs.tenstorrent.com:443 "GET /tt-metal/latest/ttnn/ttnn/api/ttnn.tilize_with_zero_padding.html HTTP/1.1" 200 4146
15:20:44 INFO [305/2500] d=1 https://docs.tenstorrent.com/tt-metal/latest/ttnn/ttnn/api/ttnn.tilize_with_val_padding.html
15:20:44 INFO [306/2500] d=1 https://docs.tenstorrent.com/tt-metal/latest/ttnn/ttnn/api/ttnn.transpose.html
15:20:44 INFO [307/2500] d=1 https://docs.tenstorrent.com/tt-metal/latest/ttnn/ttnn/api/ttnn.tilize.html
15:20:45 INFO [308/2500] d=1 https://docs.tenstorrent.com/tt-metal/latest/ttnn/ttnn/api/ttnn.tilize_with_zero_padding.html
15:20:45 DEBUG https://docs.tenstorrent.com:443 "GET /tt-metal/latest/ttnn/ttnn/api/ttnn.batch_norm.html HTTP/1.1" 200 5675
15:20:45 DEBUG https://docs.tenstorrent.com:443 "GET /tt-metal/latest/ttnn/ttnn/api/ttnn.view.html HTTP/1.1" 200 4425
15:20:45 DEBUG https://docs.tenstorrent.com:443 "GET /tt-metal/latest/ttnn/ttnn/api/ttnn.untilize_with_unpadding.html HTTP/1.1" 200 4752
15:20:45 DEBUG https://docs.tenstorrent.com:443 "GET /tt-metal/latest/ttnn/ttnn/api/ttnn.unsqueeze_to_4D.html HTTP/1.1" 200 3891
15:20:45 DEBUG https://docs.tenstorrent.com:443 "GET /tt-metal/latest/ttnn/ttnn/api/ttnn.untilize.html HTTP/1.1" 200 4695
15:20:45 DEBUG https://docs.tenstorrent.com:443 "GET /tt-metal/latest/ttnn/ttnn/api/ttnn.group_norm.html HTTP/1.1" 200 8389
15:20:45 INFO [309/2500] d=1 https://docs.tenstorrent.com/tt-metal/latest/ttnn/ttnn/api/ttnn.batch_norm.html
15:20:45 INFO [310/2500] d=1 https://docs.tenstorrent.com/tt-metal/latest/ttnn/ttnn/api/ttnn.view.html
15:20:45 INFO [311/2500] d=1 https://docs.tenstorrent.com/tt-metal/latest/ttnn/ttnn/api/ttnn.unsqueeze_to_4D.html
15:20:45 INFO [312/2500] d=1 https://docs.tenstorrent.com/tt-metal/latest/ttnn/ttnn/api/ttnn.untilize_with_unpadding.html
15:20:45 INFO [313/2500] d=1 https://docs.tenstorrent.com/tt-metal/latest/ttnn/ttnn/api/ttnn.untilize.html
15:20:45 INFO [314/2500] d=1 https://docs.tenstorrent.com/tt-metal/latest/ttnn/ttnn/api/ttnn.group_norm.html
15:20:46 DEBUG https://docs.tenstorrent.com:443 "GET /tt-metal/latest/ttnn/ttnn/api/ttnn.layer_norm.html HTTP/1.1" 200 5447
15:20:46 DEBUG https://docs.tenstorrent.com:443 "GET /tt-metal/latest/ttnn/ttnn/api/ttnn.layer_norm_pre_all_gather.html HTTP/1.1" 200 5412
15:20:46 DEBUG https://docs.tenstorrent.com:443 "GET /tt-metal/latest/ttnn/ttnn/api/ttnn.rms_norm_post_all_gather.html HTTP/1.1" 200 5642
15:20:46 DEBUG https://docs.tenstorrent.com:443 "GET /tt-metal/latest/ttnn/ttnn/api/ttnn.rms_norm.html HTTP/1.1" 200 5435
15:20:46 DEBUG https://docs.tenstorrent.com:443 "GET /tt-metal/latest/ttnn/ttnn/api/ttnn.layer_norm_post_all_gather.html HTTP/1.1" 200 5622
15:20:46 DEBUG https://docs.tenstorrent.com:443 "GET /tt-metal/latest/ttnn/ttnn/api/ttnn.rms_norm_pre_all_gather.html HTTP/1.1" 200 5428
15:20:46 INFO [315/2500] d=1 https://docs.tenstorrent.com/tt-metal/latest/ttnn/ttnn/api/ttnn.layer_norm.html
15:20:46 INFO [316/2500] d=1 https://docs.tenstorrent.com/tt-metal/latest/ttnn/ttnn/api/ttnn.layer_norm_pre_all_gather.html
15:20:46 INFO [317/2500] d=1 https://docs.tenstorrent.com/tt-metal/latest/ttnn/ttnn/api/ttnn.rms_norm_post_all_gather.html
15:20:46 INFO [318/2500] d=1 https://docs.tenstorrent.com/tt-metal/latest/ttnn/ttnn/api/ttnn.rms_norm.html
15:20:46 INFO [319/2500] d=1 https://docs.tenstorrent.com/tt-metal/latest/ttnn/ttnn/api/ttnn.layer_norm_post_all_gather.html
15:20:46 INFO [320/2500] d=1 https://docs.tenstorrent.com/tt-metal/latest/ttnn/ttnn/api/ttnn.rms_norm_pre_all_gather.html
15:20:46 DEBUG https://docs.tenstorrent.com:443 "GET /tt-metal/latest/ttnn/ttnn/api/ttnn.softmax_in_place.html HTTP/1.1" 200 5028
15:20:46 DEBUG https://docs.tenstorrent.com:443 "GET /tt-metal/latest/ttnn/ttnn/api/ttnn.SoftmaxDefaultProgramConfig.html HTTP/1.1" 200 3870
15:20:46 DEBUG https://docs.tenstorrent.com:443 "GET /tt-metal/latest/ttnn/ttnn/api/ttnn.scale_causal_mask_hw_dims_softmax_in_place.html HTTP/1.1" 200 5762
15:20:46 DEBUG https://docs.tenstorrent.com:443 "GET /tt-metal/latest/ttnn/ttnn/api/ttnn.softmax.html HTTP/1.1" 200 4972
15:20:46 DEBUG https://docs.tenstorrent.com:443 "GET /tt-metal/latest/ttnn/ttnn/api/ttnn.scale_mask_softmax_in_place.html HTTP/1.1" 200 5847
15:20:46 DEBUG https://docs.tenstorrent.com:443 "GET /tt-metal/latest/ttnn/ttnn/api/ttnn.scale_mask_softmax.html HTTP/1.1" 200 5299
15:20:46 INFO [321/2500] d=1 https://docs.tenstorrent.com/tt-metal/latest/ttnn/ttnn/api/ttnn.softmax_in_place.html
15:20:47 INFO [322/2500] d=1 https://docs.tenstorrent.com/tt-metal/latest/ttnn/ttnn/api/ttnn.SoftmaxDefaultProgramConfig.html
15:20:47 INFO [323/2500] d=1 https://docs.tenstorrent.com/tt-metal/latest/ttnn/ttnn/api/ttnn.scale_causal_mask_hw_dims_softmax_in_place.html
15:20:47 INFO [324/2500] d=1 https://docs.tenstorrent.com/tt-metal/latest/ttnn/ttnn/api/ttnn.softmax.html
15:20:47 INFO [325/2500] d=1 https://docs.tenstorrent.com/tt-metal/latest/ttnn/ttnn/api/ttnn.scale_mask_softmax_in_place.html
15:20:47 INFO [326/2500] d=1 https://docs.tenstorrent.com/tt-metal/latest/ttnn/ttnn/api/ttnn.scale_mask_softmax.html
15:20:47 DEBUG https://docs.tenstorrent.com:443 "GET /tt-metal/latest/ttnn/ttnn/api/ttnn.SoftmaxShardedMultiCoreProgramConfig.html HTTP/1.1" 200 5000
15:20:47 DEBUG https://docs.tenstorrent.com:443 "GET /tt-metal/latest/ttnn/ttnn/api/ttnn.SoftmaxProgramConfig.html HTTP/1.1" 200 3548
15:20:47 DEBUG https://docs.tenstorrent.com:443 "GET /tt-metal/latest/ttnn/ttnn/api/ttnn.transformer.chunked_flash_mla_prefill.html HTTP/1.1" 200 4443
15:20:47 DEBUG https://docs.tenstorrent.com:443 "GET /tt-metal/latest/ttnn/ttnn/api/ttnn.transformer.chunked_scaled_dot_product_attention.html HTTP/1.1" 200 4469
15:20:47 DEBUG https://docs.tenstorrent.com:443 "GET /tt-metal/latest/ttnn/ttnn/api/ttnn.transformer.attention_softmax.html HTTP/1.1" 200 4282
15:20:47 DEBUG https://docs.tenstorrent.com:443 "GET /tt-metal/latest/ttnn/ttnn/api/ttnn.transformer.attention_softmax_.html HTTP/1.1" 200 4278
15:20:47 INFO [327/2500] d=1 https://docs.tenstorrent.com/tt-metal/latest/ttnn/ttnn/api/ttnn.SoftmaxShardedMultiCoreProgramConfig.html
15:20:47 INFO [328/2500] d=1 https://docs.tenstorrent.com/tt-metal/latest/ttnn/ttnn/api/ttnn.SoftmaxProgramConfig.html
15:20:47 INFO [329/2500] d=1 https://docs.tenstorrent.com/tt-metal/latest/ttnn/ttnn/api/ttnn.transformer.chunked_flash_mla_prefill.html
15:20:47 INFO [330/2500] d=1 https://docs.tenstorrent.com/tt-metal/latest/ttnn/ttnn/api/ttnn.transformer.chunked_scaled_dot_product_attention.html
15:20:47 INFO [331/2500] d=1 https://docs.tenstorrent.com/tt-metal/latest/ttnn/ttnn/api/ttnn.transformer.attention_softmax_.html
15:20:47 INFO [332/2500] d=1 https://docs.tenstorrent.com/tt-metal/latest/ttnn/ttnn/api/ttnn.transformer.attention_softmax.html
15:20:48 DEBUG https://docs.tenstorrent.com:443 "GET /tt-metal/latest/ttnn/ttnn/api/ttnn.transformer.paged_flash_multi_latent_attention_decode.html HTTP/1.1" 200 4583
15:20:48 DEBUG https://docs.tenstorrent.com:443 "GET /tt-metal/latest/ttnn/ttnn/api/ttnn.transformer.concatenate_heads.html HTTP/1.1" 200 4064
15:20:48 DEBUG https://docs.tenstorrent.com:443 "GET /tt-metal/latest/ttnn/ttnn/api/ttnn.transformer.flash_multi_latent_attention_decode.html HTTP/1.1" 200 4579
15:20:48 DEBUG https://docs.tenstorrent.com:443 "GET /tt-metal/latest/ttnn/ttnn/api/ttnn.transformer.joint_scaled_dot_product_attention.html HTTP/1.1" 200 4445
15:20:48 DEBUG https://docs.tenstorrent.com:443 "GET /tt-metal/latest/ttnn/ttnn/api/ttnn.transformer.paged_scaled_dot_product_attention_decode.html HTTP/1.1" 200 4586
15:20:48 DEBUG https://docs.tenstorrent.com:443 "GET /tt-metal/latest/ttnn/ttnn/api/ttnn.transformer.flash_mla_prefill.html HTTP/1.1" 200 4372
15:20:48 INFO [333/2500] d=1 https://docs.tenstorrent.com/tt-metal/latest/ttnn/ttnn/api/ttnn.transformer.paged_flash_multi_latent_attention_decode.html
15:20:48 INFO [334/2500] d=1 https://docs.tenstorrent.com/tt-metal/latest/ttnn/ttnn/api/ttnn.transformer.concatenate_heads.html
15:20:48 INFO [335/2500] d=1 https://docs.tenstorrent.com/tt-metal/latest/ttnn/ttnn/api/ttnn.transformer.joint_scaled_dot_product_attention.html
15:20:48 INFO [336/2500] d=1 https://docs.tenstorrent.com/tt-metal/latest/ttnn/ttnn/api/ttnn.transformer.flash_multi_latent_attention_decode.html
15:20:48 INFO [337/2500] d=1 https://docs.tenstorrent.com/tt-metal/latest/ttnn/ttnn/api/ttnn.transformer.paged_scaled_dot_product_attention_decode.html
15:20:48 INFO [338/2500] d=1 https://docs.tenstorrent.com/tt-metal/latest/ttnn/ttnn/api/ttnn.transformer.flash_mla_prefill.html
15:20:48 DEBUG https://docs.tenstorrent.com:443 "GET /tt-metal/latest/ttnn/ttnn/api/ttnn.transformer.scaled_dot_product_attention.html HTTP/1.1" 200 4618
15:20:48 DEBUG https://docs.tenstorrent.com:443 "GET /tt-metal/latest/ttnn/ttnn/api/ttnn.transformer.ring_joint_scaled_dot_product_attention.html HTTP/1.1" 200 5137
15:20:48 DEBUG https://docs.tenstorrent.com:443 "GET /tt-metal/latest/ttnn/ttnn/api/ttnn.transformer.ring_distributed_scaled_dot_product_attention.html HTTP/1.1" 200 5032
15:20:48 DEBUG https://docs.tenstorrent.com:443 "GET /tt-metal/latest/ttnn/ttnn/api/ttnn.transformer.split_query_key_value_and_split_heads.html HTTP/1.1" 200 5149
15:20:48 DEBUG https://docs.tenstorrent.com:443 "GET /tt-metal/latest/ttnn/ttnn/api/ttnn.transformer.scaled_dot_product_attention_decode.html HTTP/1.1" 200 4572
15:20:48 DEBUG https://docs.tenstorrent.com:443 "GET /tt-metal/latest/ttnn/ttnn/api/ttnn.transformer.windowed_scaled_dot_product_attention.html HTTP/1.1" 200 4637
15:20:48 INFO [339/2500] d=1 https://docs.tenstorrent.com/tt-metal/latest/ttnn/ttnn/api/ttnn.transformer.scaled_dot_product_attention.html
15:20:48 INFO [340/2500] d=1 https://docs.tenstorrent.com/tt-metal/latest/ttnn/ttnn/api/ttnn.transformer.ring_joint_scaled_dot_product_attention.html
15:20:48 INFO [341/2500] d=1 https://docs.tenstorrent.com/tt-metal/latest/ttnn/ttnn/api/ttnn.transformer.ring_distributed_scaled_dot_product_attention.html
15:20:49 INFO [342/2500] d=1 https://docs.tenstorrent.com/tt-metal/latest/ttnn/ttnn/api/ttnn.transformer.scaled_dot_product_attention_decode.html
15:20:49 INFO [343/2500] d=1 https://docs.tenstorrent.com/tt-metal/latest/ttnn/ttnn/api/ttnn.transformer.split_query_key_value_and_split_heads.html
15:20:49 INFO [344/2500] d=1 https://docs.tenstorrent.com/tt-metal/latest/ttnn/ttnn/api/ttnn.transformer.windowed_scaled_dot_product_attention.html
15:20:49 DEBUG https://docs.tenstorrent.com:443 "GET /tt-metal/latest/ttnn/ttnn/api/ttnn.all_gather.html HTTP/1.1" 200 5067
15:20:49 DEBUG https://docs.tenstorrent.com:443 "GET /tt-metal/latest/ttnn/ttnn/api/ttnn.all_broadcast.html HTTP/1.1" 200 4553
15:20:49 DEBUG https://docs.tenstorrent.com:443 "GET /tt-metal/latest/ttnn/ttnn/api/ttnn.broadcast.html HTTP/1.1" 200 4788
15:20:49 DEBUG https://docs.tenstorrent.com:443 "GET /tt-metal/latest/ttnn/ttnn/api/ttnn.all_reduce.html HTTP/1.1" 200 4635
15:20:49 INFO [345/2500] d=1 https://docs.tenstorrent.com/tt-metal/latest/ttnn/ttnn/api/ttnn.all_gather.html
15:20:49 DEBUG https://docs.tenstorrent.com:443 "GET /tt-metal/latest/ttnn/ttnn/api/ttnn.all_to_all_combine.html HTTP/1.1" 200 5211
15:20:49 DEBUG https://docs.tenstorrent.com:443 "GET /tt-metal/latest/ttnn/ttnn/api/ttnn.all_to_all_dispatch.html HTTP/1.1" 200 5493
15:20:49 INFO [346/2500] d=1 https://docs.tenstorrent.com/tt-metal/latest/ttnn/ttnn/api/ttnn.all_broadcast.html
15:20:49 INFO [347/2500] d=1 https://docs.tenstorrent.com/tt-metal/latest/ttnn/ttnn/api/ttnn.broadcast.html
15:20:49 INFO [348/2500] d=1 https://docs.tenstorrent.com/tt-metal/latest/ttnn/ttnn/api/ttnn.all_reduce.html
15:20:49 INFO [349/2500] d=1 https://docs.tenstorrent.com/tt-metal/latest/ttnn/ttnn/api/ttnn.all_to_all_combine.html
15:20:49 INFO [350/2500] d=1 https://docs.tenstorrent.com/tt-metal/latest/ttnn/ttnn/api/ttnn.all_to_all_dispatch.html
15:20:50 DEBUG https://docs.tenstorrent.com:443 "GET /tt-metal/latest/ttnn/ttnn/api/ttnn.embedding.html HTTP/1.1" 200 4473
15:20:50 DEBUG https://docs.tenstorrent.com:443 "GET /tt-metal/latest/ttnn/ttnn/api/ttnn.point_to_point.html HTTP/1.1" 200 4200
15:20:50 DEBUG https://docs.tenstorrent.com:443 "GET /tt-metal/latest/ttnn/ttnn/api/ttnn.conv1d.html HTTP/1.1" 200 4813
15:20:50 DEBUG https://docs.tenstorrent.com:443 "GET /tt-metal/latest/ttnn/ttnn/api/ttnn.reduce_to_root.html HTTP/1.1" 200 4327
15:20:50 DEBUG https://docs.tenstorrent.com:443 "GET /tt-metal/latest/ttnn/ttnn/api/ttnn.mesh_partition.html HTTP/1.1" 200 4235
15:20:50 DEBUG https://docs.tenstorrent.com:443 "GET /tt-metal/latest/ttnn/ttnn/api/ttnn.reduce_scatter.html HTTP/1.1" 200 4768
15:20:50 INFO [351/2500] d=1 https://docs.tenstorrent.com/tt-metal/latest/ttnn/ttnn/api/ttnn.embedding.html
15:20:50 INFO [352/2500] d=1 https://docs.tenstorrent.com/tt-metal/latest/ttnn/ttnn/api/ttnn.point_to_point.html
15:20:50 INFO [353/2500] d=1 https://docs.tenstorrent.com/tt-metal/latest/ttnn/ttnn/api/ttnn.conv1d.html
15:20:50 INFO [354/2500] d=1 https://docs.tenstorrent.com/tt-metal/latest/ttnn/ttnn/api/ttnn.reduce_to_root.html
15:20:50 INFO [355/2500] d=1 https://docs.tenstorrent.com/tt-metal/latest/ttnn/ttnn/api/ttnn.mesh_partition.html
15:20:50 INFO [356/2500] d=1 https://docs.tenstorrent.com/tt-metal/latest/ttnn/ttnn/api/ttnn.reduce_scatter.html
15:20:50 DEBUG https://docs.tenstorrent.com:443 "GET /tt-metal/latest/ttnn/ttnn/api/ttnn.prepare_conv_bias.html HTTP/1.1" 200 4376
15:20:50 DEBUG https://docs.tenstorrent.com:443 "GET /tt-metal/latest/ttnn/ttnn/api/ttnn.experimental.conv3d.html HTTP/1.1" 200 4099
15:20:50 DEBUG https://docs.tenstorrent.com:443 "GET /tt-metal/latest/ttnn/ttnn/api/ttnn.prepare_conv_transpose2d_weights.html HTTP/1.1" 200 4434
15:20:50 DEBUG https://docs.tenstorrent.com:443 "GET /tt-metal/latest/ttnn/ttnn/api/ttnn.conv2d.html HTTP/1.1" 200 5558
15:20:50 DEBUG https://docs.tenstorrent.com:443 "GET /tt-metal/latest/ttnn/ttnn/api/ttnn.conv_transpose2d.html HTTP/1.1" 200 5326
15:20:50 DEBUG https://docs.tenstorrent.com:443 "GET /tt-metal/latest/ttnn/ttnn/api/ttnn.prepare_conv_transpose2d_bias.html HTTP/1.1" 200 4390
15:20:50 INFO [357/2500] d=1 https://docs.tenstorrent.com/tt-metal/latest/ttnn/ttnn/api/ttnn.prepare_conv_bias.html
15:20:50 INFO [358/2500] d=1 https://docs.tenstorrent.com/tt-metal/latest/ttnn/ttnn/api/ttnn.experimental.conv3d.html
15:20:50 INFO [359/2500] d=1 https://docs.tenstorrent.com/tt-metal/latest/ttnn/ttnn/api/ttnn.prepare_conv_transpose2d_weights.html
15:20:50 INFO [360/2500] d=1 https://docs.tenstorrent.com/tt-metal/latest/ttnn/ttnn/api/ttnn.conv2d.html
15:20:50 INFO [361/2500] d=1 https://docs.tenstorrent.com/tt-metal/latest/ttnn/ttnn/api/ttnn.conv_transpose2d.html
15:20:50 INFO [362/2500] d=1 https://docs.tenstorrent.com/tt-metal/latest/ttnn/ttnn/api/ttnn.prepare_conv_transpose2d_bias.html
15:20:51 DEBUG https://docs.tenstorrent.com:443 "GET /tt-metal/latest/ttnn/ttnn/api/ttnn.avg_pool2d.html HTTP/1.1" 200 5475
15:20:51 DEBUG https://docs.tenstorrent.com:443 "GET /tt-metal/latest/ttnn/ttnn/api/ttnn.Conv2dSliceConfig.html HTTP/1.1" 200 3534
15:20:51 DEBUG https://docs.tenstorrent.com:443 "GET /tt-metal/latest/ttnn/ttnn/api/ttnn.prepare_conv_weights.html HTTP/1.1" 200 4415
15:20:51 DEBUG https://docs.tenstorrent.com:443 "GET /tt-metal/latest/ttnn/ttnn/api/ttnn.adaptive_max_pool2d.html HTTP/1.1" 200 4832
15:20:51 DEBUG https://docs.tenstorrent.com:443 "GET /tt-metal/latest/ttnn/ttnn/api/ttnn.Conv2dConfig.html HTTP/1.1" 200 7383
15:20:51 DEBUG https://docs.tenstorrent.com:443 "GET /tt-metal/latest/ttnn/ttnn/api/ttnn.adaptive_avg_pool2d.html HTTP/1.1" 200 4877
15:20:51 INFO [363/2500] d=1 https://docs.tenstorrent.com/tt-metal/latest/ttnn/ttnn/api/ttnn.avg_pool2d.html
15:20:51 INFO [364/2500] d=1 https://docs.tenstorrent.com/tt-metal/latest/ttnn/ttnn/api/ttnn.Conv2dSliceConfig.html
15:20:51 INFO [365/2500] d=1 https://docs.tenstorrent.com/tt-metal/latest/ttnn/ttnn/api/ttnn.prepare_conv_weights.html
15:20:51 INFO [366/2500] d=1 https://docs.tenstorrent.com/tt-metal/latest/ttnn/ttnn/api/ttnn.adaptive_max_pool2d.html
15:20:51 INFO [367/2500] d=1 https://docs.tenstorrent.com/tt-metal/latest/ttnn/ttnn/api/ttnn.adaptive_avg_pool2d.html
15:20:51 INFO [368/2500] d=1 https://docs.tenstorrent.com/tt-metal/latest/ttnn/ttnn/api/ttnn.Conv2dConfig.html
15:20:51 DEBUG https://docs.tenstorrent.com:443 "GET /tt-metal/latest/ttnn/ttnn/api/ttnn.generic_op.html HTTP/1.1" 200 4033
15:20:51 DEBUG https://docs.tenstorrent.com:443 "GET /tt-metal/latest/ttnn/ttnn/api/ttnn.upsample.html HTTP/1.1" 200 4451
15:20:51 DEBUG https://docs.tenstorrent.com:443 "GET /tt-metal/latest/ttnn/ttnn/api/ttnn.grid_sample.html HTTP/1.1" 200 6190
15:20:51 INFO [369/2500] d=1 https://docs.tenstorrent.com/tt-metal/latest/ttnn/ttnn/api/ttnn.generic_op.html
15:20:51 INFO [370/2500] d=1 https://docs.tenstorrent.com/tt-metal/latest/ttnn/ttnn/api/ttnn.upsample.html
15:20:51 DEBUG https://docs.tenstorrent.com:443 "GET /tt-metal/latest/ttnn/ttnn/api/ttnn.global_avg_pool2d.html HTTP/1.1" 200 4489
15:20:51 DEBUG https://docs.tenstorrent.com:443 "GET /tt-metal/latest/ttnn/ttnn/api/ttnn.dram_prefetcher.html HTTP/1.1" 200 4122
15:20:51 DEBUG https://docs.tenstorrent.com:443 "GET /tt-metal/latest/ttnn/ttnn/api/ttnn.max_pool2d.html HTTP/1.1" 200 5380
15:20:52 INFO [371/2500] d=1 https://docs.tenstorrent.com/tt-metal/latest/ttnn/ttnn/api/ttnn.grid_sample.html
15:20:52 INFO [372/2500] d=1 https://docs.tenstorrent.com/tt-metal/latest/ttnn/ttnn/api/ttnn.global_avg_pool2d.html
15:20:52 INFO [373/2500] d=1 https://docs.tenstorrent.com/tt-metal/latest/ttnn/ttnn/api/ttnn.dram_prefetcher.html
15:20:52 INFO [374/2500] d=1 https://docs.tenstorrent.com/tt-metal/latest/ttnn/ttnn/api/ttnn.max_pool2d.html
15:20:52 DEBUG https://docs.tenstorrent.com:443 "GET /tt-metal/latest/ttnn/ttnn/api/ttnn.fill_cache.html HTTP/1.1" 200 3871
15:20:52 DEBUG https://docs.tenstorrent.com:443 "GET /tt-metal/latest/ttnn/ttnn/api/ttnn.update_cache.html HTTP/1.1" 200 4021
15:20:52 DEBUG https://docs.tenstorrent.com:443 "GET /tt-metal/latest/ttnn/ttnn/api/ttnn.acos_bw.html HTTP/1.1" 200 5414
15:20:52 DEBUG https://docs.tenstorrent.com:443 "GET /tt-metal/latest/ttnn/ttnn/api/ttnn.abs_bw.html HTTP/1.1" 200 5496
15:20:52 DEBUG https://docs.tenstorrent.com:443 "GET /tt-metal/latest/ttnn/ttnn/api/ttnn.kv_cache.fill_cache_for_user_.html HTTP/1.1" 200 3780
15:20:52 INFO [375/2500] d=1 https://docs.tenstorrent.com/tt-metal/latest/ttnn/ttnn/api/ttnn.fill_cache.html
15:20:52 INFO [376/2500] d=1 https://docs.tenstorrent.com/tt-metal/latest/ttnn/ttnn/api/ttnn.update_cache.html
15:20:52 DEBUG https://docs.tenstorrent.com:443 "GET /tt-metal/latest/ttnn/ttnn/api/ttnn.kv_cache.update_cache_for_token_.html HTTP/1.1" 200 3810
15:20:52 INFO [377/2500] d=1 https://docs.tenstorrent.com/tt-metal/latest/ttnn/ttnn/api/ttnn.acos_bw.html
15:20:52 INFO [378/2500] d=1 https://docs.tenstorrent.com/tt-metal/latest/ttnn/ttnn/api/ttnn.kv_cache.fill_cache_for_user_.html
15:20:52 INFO [379/2500] d=1 https://docs.tenstorrent.com/tt-metal/latest/ttnn/ttnn/api/ttnn.abs_bw.html
15:20:52 INFO [380/2500] d=1 https://docs.tenstorrent.com/tt-metal/latest/ttnn/ttnn/api/ttnn.kv_cache.update_cache_for_token_.html
15:20:53 DEBUG https://docs.tenstorrent.com:443 "GET /tt-metal/latest/ttnn/ttnn/api/ttnn.angle_bw.html HTTP/1.1" 200 5244
15:20:53 DEBUG https://docs.tenstorrent.com:443 "GET /tt-metal/latest/ttnn/ttnn/api/ttnn.acosh_bw.html HTTP/1.1" 200 5438
15:20:53 DEBUG https://docs.tenstorrent.com:443 "GET /tt-metal/latest/ttnn/ttnn/api/ttnn.add_bw.html HTTP/1.1" 200 5497
15:20:53 DEBUG https://docs.tenstorrent.com:443 "GET /tt-metal/latest/ttnn/ttnn/api/ttnn.addcmul_bw.html HTTP/1.1" 200 5340
15:20:53 DEBUG https://docs.tenstorrent.com:443 "GET /tt-metal/latest/ttnn/ttnn/api/ttnn.addalpha_bw.html HTTP/1.1" 200 5513
15:20:53 DEBUG https://docs.tenstorrent.com:443 "GET /tt-metal/latest/ttnn/ttnn/api/ttnn.addcdiv_bw.html HTTP/1.1" 200 5393
15:20:53 INFO [381/2500] d=1 https://docs.tenstorrent.com/tt-metal/latest/ttnn/ttnn/api/ttnn.angle_bw.html
15:20:53 INFO [382/2500] d=1 https://docs.tenstorrent.com/tt-metal/latest/ttnn/ttnn/api/ttnn.acosh_bw.html
15:20:53 INFO [383/2500] d=1 https://docs.tenstorrent.com/tt-metal/latest/ttnn/ttnn/api/ttnn.add_bw.html
15:20:53 INFO [384/2500] d=1 https://docs.tenstorrent.com/tt-metal/latest/ttnn/ttnn/api/ttnn.addcmul_bw.html
15:20:53 INFO [385/2500] d=1 https://docs.tenstorrent.com/tt-metal/latest/ttnn/ttnn/api/ttnn.addalpha_bw.html
15:20:53 INFO [386/2500] d=1 https://docs.tenstorrent.com/tt-metal/latest/ttnn/ttnn/api/ttnn.addcdiv_bw.html
15:20:53 DEBUG https://docs.tenstorrent.com:443 "GET /tt-metal/latest/ttnn/ttnn/api/ttnn.asinh_bw.html HTTP/1.1" 200 5440
15:20:53 DEBUG https://docs.tenstorrent.com:443 "GET /tt-metal/latest/ttnn/ttnn/api/ttnn.atanh_bw.html HTTP/1.1" 200 5436
15:20:53 DEBUG https://docs.tenstorrent.com:443 "GET /tt-metal/latest/ttnn/ttnn/api/ttnn.atan2_bw.html HTTP/1.1" 200 5257
15:20:53 DEBUG https://docs.tenstorrent.com:443 "GET /tt-metal/latest/ttnn/ttnn/api/ttnn.assign_bw.html HTTP/1.1" 200 5438
15:20:53 DEBUG https://docs.tenstorrent.com:443 "GET /tt-metal/latest/ttnn/ttnn/api/ttnn.asin_bw.html HTTP/1.1" 200 5418
15:20:53 DEBUG https://docs.tenstorrent.com:443 "GET /tt-metal/latest/ttnn/ttnn/api/ttnn.atan_bw.html HTTP/1.1" 200 5425
15:20:53 INFO [387/2500] d=1 https://docs.tenstorrent.com/tt-metal/latest/ttnn/ttnn/api/ttnn.asinh_bw.html
15:20:54 INFO [388/2500] d=1 https://docs.tenstorrent.com/tt-metal/latest/ttnn/ttnn/api/ttnn.atanh_bw.html
15:20:54 INFO [389/2500] d=1 https://docs.tenstorrent.com/tt-metal/latest/ttnn/ttnn/api/ttnn.atan2_bw.html
15:20:54 INFO [390/2500] d=1 https://docs.tenstorrent.com/tt-metal/latest/ttnn/ttnn/api/ttnn.assign_bw.html
15:20:54 INFO [391/2500] d=1 https://docs.tenstorrent.com/tt-metal/latest/ttnn/ttnn/api/ttnn.asin_bw.html
15:20:54 INFO [392/2500] d=1 https://docs.tenstorrent.com/tt-metal/latest/ttnn/ttnn/api/ttnn.atan_bw.html
15:20:54 DEBUG https://docs.tenstorrent.com:443 "GET /tt-metal/latest/ttnn/ttnn/api/ttnn.ceil_bw.html HTTP/1.1" 200 5415
15:20:54 DEBUG https://docs.tenstorrent.com:443 "GET /tt-metal/latest/ttnn/ttnn/api/ttnn.clip_bw.html HTTP/1.1" 200 5375
15:20:54 DEBUG https://docs.tenstorrent.com:443 "GET /tt-metal/latest/ttnn/ttnn/api/ttnn.celu_bw.html HTTP/1.1" 200 5255
15:20:54 DEBUG https://docs.tenstorrent.com:443 "GET /tt-metal/latest/ttnn/ttnn/api/ttnn.clamp_bw.html HTTP/1.1" 200 5374
15:20:54 DEBUG https://docs.tenstorrent.com:443 "GET /tt-metal/latest/ttnn/ttnn/api/ttnn.bias_gelu_bw.html HTTP/1.1" 200 5486
15:20:54 INFO [393/2500] d=1 https://docs.tenstorrent.com/tt-metal/latest/ttnn/ttnn/api/ttnn.ceil_bw.html
15:20:54 DEBUG https://docs.tenstorrent.com:443 "GET /tt-metal/latest/ttnn/ttnn/api/ttnn.concat_bw.html HTTP/1.1" 200 5496
15:20:54 INFO [394/2500] d=1 https://docs.tenstorrent.com/tt-metal/latest/ttnn/ttnn/api/ttnn.clip_bw.html
15:20:55 INFO [395/2500] d=1 https://docs.tenstorrent.com/tt-metal/latest/ttnn/ttnn/api/ttnn.celu_bw.html
15:20:55 INFO [396/2500] d=1 https://docs.tenstorrent.com/tt-metal/latest/ttnn/ttnn/api/ttnn.clamp_bw.html
15:20:56 INFO [397/2500] d=1 https://docs.tenstorrent.com/tt-metal/latest/ttnn/ttnn/api/ttnn.bias_gelu_bw.html
15:20:56 INFO [398/2500] d=1 https://docs.tenstorrent.com/tt-metal/latest/ttnn/ttnn/api/ttnn.concat_bw.html
15:20:57 DEBUG https://docs.tenstorrent.com:443 "GET /tt-metal/latest/ttnn/ttnn/api/ttnn.deg2rad_bw.html HTTP/1.1" 200 5435
15:20:57 DEBUG https://docs.tenstorrent.com:443 "GET /tt-metal/latest/ttnn/ttnn/api/ttnn.cos_bw.html HTTP/1.1" 200 5411
15:20:57 DEBUG https://docs.tenstorrent.com:443 "GET /tt-metal/latest/ttnn/ttnn/api/ttnn.digamma_bw.html HTTP/1.1" 200 5414
15:20:57 DEBUG https://docs.tenstorrent.com:443 "GET /tt-metal/latest/ttnn/ttnn/api/ttnn.cosh_bw.html HTTP/1.1" 200 5422
15:20:57 DEBUG https://docs.tenstorrent.com:443 "GET /tt-metal/latest/ttnn/ttnn/api/ttnn.div_bw.html HTTP/1.1" 200 5815
15:20:57 DEBUG https://docs.tenstorrent.com:443 "GET /tt-metal/latest/ttnn/ttnn/api/ttnn.conj_bw.html HTTP/1.1" 200 5113
15:20:57 INFO [399/2500] d=1 https://docs.tenstorrent.com/tt-metal/latest/ttnn/ttnn/api/ttnn.cos_bw.html
15:20:57 INFO [400/2500] d=1 https://docs.tenstorrent.com/tt-metal/latest/ttnn/ttnn/api/ttnn.digamma_bw.html
15:20:57 INFO [401/2500] d=1 https://docs.tenstorrent.com/tt-metal/latest/ttnn/ttnn/api/ttnn.div_bw.html
15:20:58 INFO [402/2500] d=1 https://docs.tenstorrent.com/tt-metal/latest/ttnn/ttnn/api/ttnn.cosh_bw.html
15:20:58 INFO [403/2500] d=1 https://docs.tenstorrent.com/tt-metal/latest/ttnn/ttnn/api/ttnn.deg2rad_bw.html
15:20:58 INFO [404/2500] d=1 https://docs.tenstorrent.com/tt-metal/latest/ttnn/ttnn/api/ttnn.conj_bw.html
15:20:59 DEBUG https://docs.tenstorrent.com:443 "GET /tt-metal/latest/ttnn/ttnn/api/ttnn.embedding_bw.html HTTP/1.1" 200 5401
15:20:59 DEBUG https://docs.tenstorrent.com:443 "GET /tt-metal/latest/ttnn/ttnn/api/ttnn.erfc_bw.html HTTP/1.1" 200 5424
15:20:59 DEBUG https://docs.tenstorrent.com:443 "GET /tt-metal/latest/ttnn/ttnn/api/ttnn.erfinv_bw.html HTTP/1.1" 200 5424
15:20:59 DEBUG https://docs.tenstorrent.com:443 "GET /tt-metal/latest/ttnn/ttnn/api/ttnn.elu_bw.html HTTP/1.1" 200 5258
15:20:59 DEBUG https://docs.tenstorrent.com:443 "GET /tt-metal/latest/ttnn/ttnn/api/ttnn.div_no_nan_bw.html HTTP/1.1" 200 5502
15:20:59 DEBUG https://docs.tenstorrent.com:443 "GET /tt-metal/latest/ttnn/ttnn/api/ttnn.erf_bw.html HTTP/1.1" 200 5413
15:20:59 INFO [405/2500] d=1 https://docs.tenstorrent.com/tt-metal/latest/ttnn/ttnn/api/ttnn.embedding_bw.html
15:20:59 INFO [406/2500] d=1 https://docs.tenstorrent.com/tt-metal/latest/ttnn/ttnn/api/ttnn.erfc_bw.html
15:20:59 INFO [407/2500] d=1 https://docs.tenstorrent.com/tt-metal/latest/ttnn/ttnn/api/ttnn.erfinv_bw.html
15:20:59 INFO [408/2500] d=1 https://docs.tenstorrent.com/tt-metal/latest/ttnn/ttnn/api/ttnn.elu_bw.html
15:20:59 INFO [409/2500] d=1 https://docs.tenstorrent.com/tt-metal/latest/ttnn/ttnn/api/ttnn.div_no_nan_bw.html
15:20:59 INFO [410/2500] d=1 https://docs.tenstorrent.com/tt-metal/latest/ttnn/ttnn/api/ttnn.erf_bw.html
15:21:00 DEBUG https://docs.tenstorrent.com:443 "GET /tt-metal/latest/ttnn/ttnn/api/ttnn.exp2_bw.html HTTP/1.1" 200 5431
15:21:00 DEBUG https://docs.tenstorrent.com:443 "GET /tt-metal/latest/ttnn/ttnn/api/ttnn.expm1_bw.html HTTP/1.1" 200 5423
15:21:00 DEBUG https://docs.tenstorrent.com:443 "GET /tt-metal/latest/ttnn/ttnn/api/ttnn.exp_bw.html HTTP/1.1" 200 5224
15:21:00 DEBUG https://docs.tenstorrent.com:443 "GET /tt-metal/latest/ttnn/ttnn/api/ttnn.fill_zero_bw.html HTTP/1.1" 200 5451
15:21:00 DEBUG https://docs.tenstorrent.com:443 "GET /tt-metal/latest/ttnn/ttnn/api/ttnn.fill_bw.html HTTP/1.1" 200 5220
15:21:00 DEBUG https://docs.tenstorrent.com:443 "GET /tt-metal/latest/ttnn/ttnn/api/ttnn.experimental.gelu_bw.html HTTP/1.1" 200 5201
15:21:00 INFO [411/2500] d=1 https://docs.tenstorrent.com/tt-metal/latest/ttnn/ttnn/api/ttnn.exp2_bw.html
15:21:00 INFO [412/2500] d=1 https://docs.tenstorrent.com/tt-metal/latest/ttnn/ttnn/api/ttnn.exp_bw.html
15:21:00 INFO [413/2500] d=1 https://docs.tenstorrent.com/tt-metal/latest/ttnn/ttnn/api/ttnn.expm1_bw.html
15:21:00 INFO [414/2500] d=1 https://docs.tenstorrent.com/tt-metal/latest/ttnn/ttnn/api/ttnn.fill_zero_bw.html
15:21:00 INFO [415/2500] d=1 https://docs.tenstorrent.com/tt-metal/latest/ttnn/ttnn/api/ttnn.fill_bw.html
15:21:00 INFO [416/2500] d=1 https://docs.tenstorrent.com/tt-metal/latest/ttnn/ttnn/api/ttnn.experimental.gelu_bw.html
15:21:01 DEBUG https://docs.tenstorrent.com:443 "GET /tt-metal/latest/ttnn/ttnn/api/ttnn.floor_bw.html HTTP/1.1" 200 5421
15:21:01 DEBUG https://docs.tenstorrent.com:443 "GET /tt-metal/latest/ttnn/ttnn/api/ttnn.frac_bw.html HTTP/1.1" 200 5443
15:21:01 DEBUG https://docs.tenstorrent.com:443 "GET /tt-metal/latest/ttnn/ttnn/api/ttnn.fmod_bw.html HTTP/1.1" 200 5370
15:21:01 DEBUG https://docs.tenstorrent.com:443 "GET /tt-metal/latest/ttnn/ttnn/api/ttnn.hardsigmoid_bw.html HTTP/1.1" 200 5418
15:21:01 DEBUG https://docs.tenstorrent.com:443 "GET /tt-metal/latest/ttnn/ttnn/api/ttnn.hardshrink_bw.html HTTP/1.1" 200 5274
15:21:01 DEBUG https://docs.tenstorrent.com:443 "GET /tt-metal/latest/ttnn/ttnn/api/ttnn.gelu_bw.html HTTP/1.1" 200 5391
15:21:01 INFO [417/2500] d=1 https://docs.tenstorrent.com/tt-metal/latest/ttnn/ttnn/api/ttnn.floor_bw.html
15:21:01 INFO [418/2500] d=1 https://docs.tenstorrent.com/tt-metal/latest/ttnn/ttnn/api/ttnn.frac_bw.html
15:21:01 INFO [419/2500] d=1 https://docs.tenstorrent.com/tt-metal/latest/ttnn/ttnn/api/ttnn.fmod_bw.html
15:21:01 INFO [420/2500] d=1 https://docs.tenstorrent.com/tt-metal/latest/ttnn/ttnn/api/ttnn.hardshrink_bw.html
15:21:01 INFO [421/2500] d=1 https://docs.tenstorrent.com/tt-metal/latest/ttnn/ttnn/api/ttnn.hardsigmoid_bw.html
15:21:02 INFO [422/2500] d=1 https://docs.tenstorrent.com/tt-metal/latest/ttnn/ttnn/api/ttnn.gelu_bw.html
15:21:02 DEBUG https://docs.tenstorrent.com:443 "GET /tt-metal/latest/ttnn/ttnn/api/ttnn.hypot_bw.html HTTP/1.1" 200 5349
15:21:02 DEBUG https://docs.tenstorrent.com:443 "GET /tt-metal/latest/ttnn/ttnn/api/ttnn.hardswish_bw.html HTTP/1.1" 200 5421
15:21:02 DEBUG https://docs.tenstorrent.com:443 "GET /tt-metal/latest/ttnn/ttnn/api/ttnn.ldexp_bw.html HTTP/1.1" 200 5322
15:21:02 DEBUG https://docs.tenstorrent.com:443 "GET /tt-metal/latest/ttnn/ttnn/api/ttnn.i0_bw.html HTTP/1.1" 200 5433
15:21:02 DEBUG https://docs.tenstorrent.com:443 "GET /tt-metal/latest/ttnn/ttnn/api/ttnn.hardtanh_bw.html HTTP/1.1" 200 5352
15:21:02 DEBUG https://docs.tenstorrent.com:443 "GET /tt-metal/latest/ttnn/ttnn/api/ttnn.imag_bw.html HTTP/1.1" 200 5129
15:21:02 INFO [423/2500] d=1 https://docs.tenstorrent.com/tt-metal/latest/ttnn/ttnn/api/ttnn.hypot_bw.html
15:21:02 INFO [424/2500] d=1 https://docs.tenstorrent.com/tt-metal/latest/ttnn/ttnn/api/ttnn.hardswish_bw.html
15:21:02 INFO [425/2500] d=1 https://docs.tenstorrent.com/tt-metal/latest/ttnn/ttnn/api/ttnn.i0_bw.html
15:21:03 INFO [426/2500] d=1 https://docs.tenstorrent.com/tt-metal/latest/ttnn/ttnn/api/ttnn.ldexp_bw.html
15:21:03 INFO [427/2500] d=1 https://docs.tenstorrent.com/tt-metal/latest/ttnn/ttnn/api/ttnn.hardtanh_bw.html
15:21:03 INFO [428/2500] d=1 https://docs.tenstorrent.com/tt-metal/latest/ttnn/ttnn/api/ttnn.imag_bw.html
15:21:04 DEBUG https://docs.tenstorrent.com:443 "GET /tt-metal/latest/ttnn/ttnn/api/ttnn.lgamma_bw.html HTTP/1.1" 200 5412
15:21:04 DEBUG https://docs.tenstorrent.com:443 "GET /tt-metal/latest/ttnn/ttnn/api/ttnn.leaky_relu_bw.html HTTP/1.1" 200 5292
15:21:04 DEBUG https://docs.tenstorrent.com:443 "GET /tt-metal/latest/ttnn/ttnn/api/ttnn.lerp_bw.html HTTP/1.1" 200 5372
15:21:04 DEBUG https://docs.tenstorrent.com:443 "GET /tt-metal/latest/ttnn/ttnn/api/ttnn.log2_bw.html HTTP/1.1" 200 5477
15:21:04 DEBUG https://docs.tenstorrent.com:443 "GET /tt-metal/latest/ttnn/ttnn/api/ttnn.log1p_bw.html HTTP/1.1" 200 5471
15:21:04 DEBUG https://docs.tenstorrent.com:443 "GET /tt-metal/latest/ttnn/ttnn/api/ttnn.log10_bw.html HTTP/1.1" 200 5481
15:21:04 INFO [429/2500] d=1 https://docs.tenstorrent.com/tt-metal/latest/ttnn/ttnn/api/ttnn.lgamma_bw.html
15:21:04 INFO [430/2500] d=1 https://docs.tenstorrent.com/tt-metal/latest/ttnn/ttnn/api/ttnn.leaky_relu_bw.html
15:21:04 INFO [431/2500] d=1 https://docs.tenstorrent.com/tt-metal/latest/ttnn/ttnn/api/ttnn.log2_bw.html
15:21:04 INFO [432/2500] d=1 https://docs.tenstorrent.com/tt-metal/latest/ttnn/ttnn/api/ttnn.lerp_bw.html
15:21:04 INFO [433/2500] d=1 https://docs.tenstorrent.com/tt-metal/latest/ttnn/ttnn/api/ttnn.log10_bw.html
15:21:05 INFO [434/2500] d=1 https://docs.tenstorrent.com/tt-metal/latest/ttnn/ttnn/api/ttnn.log1p_bw.html
15:21:05 DEBUG https://docs.tenstorrent.com:443 "GET /tt-metal/latest/ttnn/ttnn/api/ttnn.logaddexp_bw.html HTTP/1.1" 200 5332
15:21:05 DEBUG https://docs.tenstorrent.com:443 "GET /tt-metal/latest/ttnn/ttnn/api/ttnn.log_bw.html HTTP/1.1" 200 5484
15:21:05 DEBUG https://docs.tenstorrent.com:443 "GET /tt-metal/latest/ttnn/ttnn/api/ttnn.logaddexp2_bw.html HTTP/1.1" 200 5335
15:21:05 DEBUG https://docs.tenstorrent.com:443 "GET /tt-metal/latest/ttnn/ttnn/api/ttnn.logit_bw.html HTTP/1.1" 200 5468
15:21:05 DEBUG https://docs.tenstorrent.com:443 "GET /tt-metal/latest/ttnn/ttnn/api/ttnn.log_sigmoid_bw.html HTTP/1.1" 200 5480
15:21:05 DEBUG https://docs.tenstorrent.com:443 "GET /tt-metal/latest/ttnn/ttnn/api/ttnn.logiteps_bw.html HTTP/1.1" 200 5330
15:21:05 INFO [435/2500] d=1 https://docs.tenstorrent.com/tt-metal/latest/ttnn/ttnn/api/ttnn.logaddexp_bw.html
15:21:05 INFO [436/2500] d=1 https://docs.tenstorrent.com/tt-metal/latest/ttnn/ttnn/api/ttnn.log_bw.html
15:21:05 INFO [437/2500] d=1 https://docs.tenstorrent.com/tt-metal/latest/ttnn/ttnn/api/ttnn.logaddexp2_bw.html
15:21:06 INFO [438/2500] d=1 https://docs.tenstorrent.com/tt-metal/latest/ttnn/ttnn/api/ttnn.logit_bw.html
15:21:06 INFO [439/2500] d=1 https://docs.tenstorrent.com/tt-metal/latest/ttnn/ttnn/api/ttnn.log_sigmoid_bw.html
15:21:07 INFO [440/2500] d=1 https://docs.tenstorrent.com/tt-metal/latest/ttnn/ttnn/api/ttnn.logiteps_bw.html
15:21:07 DEBUG https://docs.tenstorrent.com:443 "GET /tt-metal/latest/ttnn/ttnn/api/ttnn.min_bw.html HTTP/1.1" 200 5254
15:21:08 DEBUG https://docs.tenstorrent.com:443 "GET /tt-metal/latest/ttnn/ttnn/api/ttnn.multigammaln_bw.html HTTP/1.1" 200 5500
15:21:08 DEBUG https://docs.tenstorrent.com:443 "GET /tt-metal/latest/ttnn/ttnn/api/ttnn.neg_bw.html HTTP/1.1" 200 5214
15:21:08 DEBUG https://docs.tenstorrent.com:443 "GET /tt-metal/latest/ttnn/ttnn/api/ttnn.polar_bw.html HTTP/1.1" 200 5232
15:21:08 DEBUG https://docs.tenstorrent.com:443 "GET /tt-metal/latest/ttnn/ttnn/api/ttnn.mul_bw.html HTTP/1.1" 200 5571
15:21:08 DEBUG https://docs.tenstorrent.com:443 "GET /tt-metal/latest/ttnn/ttnn/api/ttnn.max_bw.html HTTP/1.1" 200 5258
15:21:08 INFO [441/2500] d=1 https://docs.tenstorrent.com/tt-metal/latest/ttnn/ttnn/api/ttnn.min_bw.html
15:21:08 INFO [442/2500] d=1 https://docs.tenstorrent.com/tt-metal/latest/ttnn/ttnn/api/ttnn.multigammaln_bw.html
15:21:08 INFO [443/2500] d=1 https://docs.tenstorrent.com/tt-metal/latest/ttnn/ttnn/api/ttnn.neg_bw.html
15:21:08 INFO [444/2500] d=1 https://docs.tenstorrent.com/tt-metal/latest/ttnn/ttnn/api/ttnn.polar_bw.html
15:21:08 INFO [445/2500] d=1 https://docs.tenstorrent.com/tt-metal/latest/ttnn/ttnn/api/ttnn.max_bw.html
15:21:08 INFO [446/2500] d=1 https://docs.tenstorrent.com/tt-metal/latest/ttnn/ttnn/api/ttnn.mul_bw.html
15:21:09 DEBUG https://docs.tenstorrent.com:443 "GET /tt-metal/latest/ttnn/ttnn/api/ttnn.polygamma_bw.html HTTP/1.1" 200 5464
15:21:09 DEBUG https://docs.tenstorrent.com:443 "GET /tt-metal/latest/ttnn/ttnn/api/ttnn.real_bw.html HTTP/1.1" 200 5125
15:21:09 DEBUG https://docs.tenstorrent.com:443 "GET /tt-metal/latest/ttnn/ttnn/api/ttnn.rdiv_bw.html HTTP/1.1" 200 5476
15:21:09 DEBUG https://docs.tenstorrent.com:443 "GET /tt-metal/latest/ttnn/ttnn/api/ttnn.prod_bw.html HTTP/1.1" 200 5411
15:21:09 DEBUG https://docs.tenstorrent.com:443 "GET /tt-metal/latest/ttnn/ttnn/api/ttnn.pow_bw.html HTTP/1.1" 200 5397
15:21:09 DEBUG https://docs.tenstorrent.com:443 "GET /tt-metal/latest/ttnn/ttnn/api/ttnn.rad2deg_bw.html HTTP/1.1" 200 5437
15:21:09 INFO [447/2500] d=1 https://docs.tenstorrent.com/tt-metal/latest/ttnn/ttnn/api/ttnn.polygamma_bw.html
15:21:09 INFO [448/2500] d=1 https://docs.tenstorrent.com/tt-metal/latest/ttnn/ttnn/api/ttnn.real_bw.html
15:21:09 INFO [449/2500] d=1 https://docs.tenstorrent.com/tt-metal/latest/ttnn/ttnn/api/ttnn.rdiv_bw.html
15:21:09 INFO [450/2500] d=1 https://docs.tenstorrent.com/tt-metal/latest/ttnn/ttnn/api/ttnn.prod_bw.html
15:21:09 INFO [451/2500] d=1 https://docs.tenstorrent.com/tt-metal/latest/ttnn/ttnn/api/ttnn.pow_bw.html
15:21:09 INFO [452/2500] d=1 https://docs.tenstorrent.com/tt-metal/latest/ttnn/ttnn/api/ttnn.rad2deg_bw.html
15:21:10 DEBUG https://docs.tenstorrent.com:443 "GET /tt-metal/latest/ttnn/ttnn/api/ttnn.relu_bw.html HTTP/1.1" 200 5413
15:21:10 DEBUG https://docs.tenstorrent.com:443 "GET /tt-metal/latest/ttnn/ttnn/api/ttnn.reciprocal_bw.html HTTP/1.1" 200 5494
15:21:10 DEBUG https://docs.tenstorrent.com:443 "GET /tt-metal/latest/ttnn/ttnn/api/ttnn.relu6_bw.html HTTP/1.1" 200 5408
15:21:10 DEBUG https://docs.tenstorrent.com:443 "GET /tt-metal/latest/ttnn/ttnn/api/ttnn.repeat_bw.html HTTP/1.1" 200 5327
15:21:10 DEBUG https://docs.tenstorrent.com:443 "GET /tt-metal/latest/ttnn/ttnn/api/ttnn.round_bw.html HTTP/1.1" 200 5418
15:21:10 DEBUG https://docs.tenstorrent.com:443 "GET /tt-metal/latest/ttnn/ttnn/api/ttnn.remainder_bw.html HTTP/1.1" 200 5384
15:21:10 INFO [453/2500] d=1 https://docs.tenstorrent.com/tt-metal/latest/ttnn/ttnn/api/ttnn.relu_bw.html
15:21:10 INFO [454/2500] d=1 https://docs.tenstorrent.com/tt-metal/latest/ttnn/ttnn/api/ttnn.reciprocal_bw.html
15:21:10 INFO [455/2500] d=1 https://docs.tenstorrent.com/tt-metal/latest/ttnn/ttnn/api/ttnn.relu6_bw.html
15:21:10 INFO [456/2500] d=1 https://docs.tenstorrent.com/tt-metal/latest/ttnn/ttnn/api/ttnn.repeat_bw.html
15:21:10 INFO [457/2500] d=1 https://docs.tenstorrent.com/tt-metal/latest/ttnn/ttnn/api/ttnn.round_bw.html
15:21:11 INFO [458/2500] d=1 https://docs.tenstorrent.com/tt-metal/latest/ttnn/ttnn/api/ttnn.remainder_bw.html
15:21:11 DEBUG https://docs.tenstorrent.com:443 "GET /tt-metal/latest/ttnn/ttnn/api/ttnn.sign_bw.html HTTP/1.1" 200 5416
15:21:11 DEBUG https://docs.tenstorrent.com:443 "GET /tt-metal/latest/ttnn/ttnn/api/ttnn.rsqrt_bw.html HTTP/1.1" 200 5474
15:21:11 DEBUG https://docs.tenstorrent.com:443 "GET /tt-metal/latest/ttnn/ttnn/api/ttnn.sigmoid_bw.html HTTP/1.1" 200 5412
15:21:11 DEBUG https://docs.tenstorrent.com:443 "GET /tt-metal/latest/ttnn/ttnn/api/ttnn.selu_bw.html HTTP/1.1" 200 5411
15:21:11 DEBUG https://docs.tenstorrent.com:443 "GET /tt-metal/latest/ttnn/ttnn/api/ttnn.rsub_bw.html HTTP/1.1" 200 5435
15:21:11 DEBUG https://docs.tenstorrent.com:443 "GET /tt-metal/latest/ttnn/ttnn/api/ttnn.rpow_bw.html HTTP/1.1" 200 5508
15:21:11 INFO [459/2500] d=1 https://docs.tenstorrent.com/tt-metal/latest/ttnn/ttnn/api/ttnn.sign_bw.html
15:21:11 INFO [460/2500] d=1 https://docs.tenstorrent.com/tt-metal/latest/ttnn/ttnn/api/ttnn.rsqrt_bw.html
15:21:11 INFO [461/2500] d=1 https://docs.tenstorrent.com/tt-metal/latest/ttnn/ttnn/api/ttnn.selu_bw.html
15:21:12 INFO [462/2500] d=1 https://docs.tenstorrent.com/tt-metal/latest/ttnn/ttnn/api/ttnn.sigmoid_bw.html
15:21:12 INFO [463/2500] d=1 https://docs.tenstorrent.com/tt-metal/latest/ttnn/ttnn/api/ttnn.rsub_bw.html
15:21:12 INFO [464/2500] d=1 https://docs.tenstorrent.com/tt-metal/latest/ttnn/ttnn/api/ttnn.rpow_bw.html
15:21:12 DEBUG https://docs.tenstorrent.com:443 "GET /tt-metal/latest/ttnn/ttnn/api/ttnn.softplus_bw.html HTTP/1.1" 200 5389
15:21:12 DEBUG https://docs.tenstorrent.com:443 "GET /tt-metal/latest/ttnn/ttnn/api/ttnn.softshrink_bw.html HTTP/1.1" 200 5272
15:21:12 DEBUG https://docs.tenstorrent.com:443 "GET /tt-metal/latest/ttnn/ttnn/api/ttnn.sinh_bw.html HTTP/1.1" 200 5418
15:21:12 DEBUG https://docs.tenstorrent.com:443 "GET /tt-metal/latest/ttnn/ttnn/api/ttnn.sin_bw.html HTTP/1.1" 200 5408
15:21:12 DEBUG https://docs.tenstorrent.com:443 "GET /tt-metal/latest/ttnn/ttnn/api/ttnn.silu_bw.html HTTP/1.1" 200 5205
15:21:12 DEBUG https://docs.tenstorrent.com:443 "GET /tt-metal/latest/ttnn/ttnn/api/ttnn.softsign_bw.html HTTP/1.1" 200 5407
15:21:12 INFO [465/2500] d=1 https://docs.tenstorrent.com/tt-metal/latest/ttnn/ttnn/api/ttnn.softplus_bw.html
15:21:12 INFO [466/2500] d=1 https://docs.tenstorrent.com/tt-metal/latest/ttnn/ttnn/api/ttnn.sinh_bw.html
15:21:12 INFO [467/2500] d=1 https://docs.tenstorrent.com/tt-metal/latest/ttnn/ttnn/api/ttnn.softshrink_bw.html
15:21:13 INFO [468/2500] d=1 https://docs.tenstorrent.com/tt-metal/latest/ttnn/ttnn/api/ttnn.sin_bw.html
15:21:13 INFO [469/2500] d=1 https://docs.tenstorrent.com/tt-metal/latest/ttnn/ttnn/api/ttnn.silu_bw.html
15:21:13 INFO [470/2500] d=1 https://docs.tenstorrent.com/tt-metal/latest/ttnn/ttnn/api/ttnn.softsign_bw.html
15:21:13 DEBUG https://docs.tenstorrent.com:443 "GET /tt-metal/latest/ttnn/ttnn/api/ttnn.subalpha_bw.html HTTP/1.1" 200 5459
15:21:13 DEBUG https://docs.tenstorrent.com:443 "GET /tt-metal/latest/ttnn/ttnn/api/ttnn.squared_difference_bw.html HTTP/1.1" 200 5273
15:21:13 DEBUG https://docs.tenstorrent.com:443 "GET /tt-metal/latest/ttnn/ttnn/api/ttnn.sub_bw.html HTTP/1.1" 200 5575
15:21:13 DEBUG https://docs.tenstorrent.com:443 "GET /tt-metal/latest/ttnn/ttnn/api/ttnn.sqrt_bw.html HTTP/1.1" 200 5276
15:21:13 DEBUG https://docs.tenstorrent.com:443 "GET /tt-metal/latest/ttnn/ttnn/api/ttnn.tan_bw.html HTTP/1.1" 200 5429
15:21:13 DEBUG https://docs.tenstorrent.com:443 "GET /tt-metal/latest/ttnn/ttnn/api/ttnn.square_bw.html HTTP/1.1" 200 5413
15:21:13 INFO [471/2500] d=1 https://docs.tenstorrent.com/tt-metal/latest/ttnn/ttnn/api/ttnn.subalpha_bw.html
15:21:13 INFO [472/2500] d=1 https://docs.tenstorrent.com/tt-metal/latest/ttnn/ttnn/api/ttnn.squared_difference_bw.html
15:21:14 INFO [473/2500] d=1 https://docs.tenstorrent.com/tt-metal/latest/ttnn/ttnn/api/ttnn.sub_bw.html
15:21:14 INFO [474/2500] d=1 https://docs.tenstorrent.com/tt-metal/latest/ttnn/ttnn/api/ttnn.sqrt_bw.html
15:21:14 INFO [475/2500] d=1 https://docs.tenstorrent.com/tt-metal/latest/ttnn/ttnn/api/ttnn.tan_bw.html
15:21:14 INFO [476/2500] d=1 https://docs.tenstorrent.com/tt-metal/latest/ttnn/ttnn/api/ttnn.square_bw.html
15:21:14 DEBUG https://docs.tenstorrent.com:443 "GET /tt-metal/latest/ttnn/ttnn/api/ttnn.tanh_bw.html HTTP/1.1" 200 5219
15:21:14 DEBUG https://docs.tenstorrent.com:443 "GET /tt-metal/latest/ttnn/ttnn/api/ttnn.where_bw.html HTTP/1.1" 200 5429
15:21:14 DEBUG https://docs.tenstorrent.com:443 "GET /tt-metal/latest/ttnn/ttnn/api/ttnn.trunc_bw.html HTTP/1.1" 200 5415
15:21:14 DEBUG https://docs.tenstorrent.com:443 "GET /tt-metal/latest/ttnn/ttnn/api/ttnn.threshold_bw.html HTTP/1.1" 200 5547
15:21:14 DEBUG https://docs.tenstorrent.com:443 "GET /tt-metal/latest/ttnn/ttnn/api/ttnn.xlogy_bw.html HTTP/1.1" 200 5338
15:21:14 DEBUG https://docs.tenstorrent.com:443 "GET /tt-metal/latest/ttnn/ttnn/api/ttnn.tanhshrink_bw.html HTTP/1.1" 200 5419
15:21:14 INFO [477/2500] d=1 https://docs.tenstorrent.com/tt-metal/latest/ttnn/ttnn/api/ttnn.tanh_bw.html
15:21:14 INFO [478/2500] d=1 https://docs.tenstorrent.com/tt-metal/latest/ttnn/ttnn/api/ttnn.where_bw.html
15:21:15 INFO [479/2500] d=1 https://docs.tenstorrent.com/tt-metal/latest/ttnn/ttnn/api/ttnn.trunc_bw.html
15:21:15 INFO [480/2500] d=1 https://docs.tenstorrent.com/tt-metal/latest/ttnn/ttnn/api/ttnn.threshold_bw.html
15:21:15 INFO [481/2500] d=1 https://docs.tenstorrent.com/tt-metal/latest/ttnn/ttnn/api/ttnn.xlogy_bw.html
15:21:15 INFO [482/2500] d=1 https://docs.tenstorrent.com/tt-metal/latest/ttnn/ttnn/api/ttnn.tanhshrink_bw.html
15:21:15 DEBUG https://docs.tenstorrent.com:443 "GET /tt-metal/latest/ttnn/ttnn/api/ttnn.model_preprocessing.preprocess_model_parameters.html HTTP/1.1" 200 3899
15:21:15 DEBUG https://docs.tenstorrent.com:443 "GET /tt-metal/latest/ttnn/ttnn/api/ttnn.register_pre_operation_hook.html HTTP/1.1" 200 3367
15:21:15 DEBUG https://docs.tenstorrent.com:443 "GET /tt-metal/latest/ttnn/ttnn/api/ttnn.register_post_operation_hook.html HTTP/1.1" 200 3371
15:21:15 DEBUG https://docs.tenstorrent.com:443 "GET /tt-metal/latest/ttnn/ttnn/api/ttnn.set_printoptions.html HTTP/1.1" 200 3714
15:21:15 DEBUG https://docs.tenstorrent.com:443 "GET /tt-metal/latest/ttnn/ttnn/tutorials/tutorials/ttnn_add_tensors.html HTTP/1.1" 200 4999
15:21:15 DEBUG https://docs.tenstorrent.com:443 "GET /tt-metal/latest/ttnn/ttnn/api/ttnn.model_preprocessing.preprocess_model.html HTTP/1.1" 200 4066
15:21:15 INFO [483/2500] d=1 https://docs.tenstorrent.com/tt-metal/latest/ttnn/ttnn/api/ttnn.register_pre_operation_hook.html
15:21:15 INFO [484/2500] d=1 https://docs.tenstorrent.com/tt-metal/latest/ttnn/ttnn/api/ttnn.model_preprocessing.preprocess_model_parameters.html
15:21:15 INFO [485/2500] d=1 https://docs.tenstorrent.com/tt-metal/latest/ttnn/ttnn/api/ttnn.set_printoptions.html
15:21:15 INFO [486/2500] d=1 https://docs.tenstorrent.com/tt-metal/latest/ttnn/ttnn/tutorials/tutorials/ttnn_add_tensors.html
15:21:15 INFO [487/2500] d=1 https://docs.tenstorrent.com/tt-metal/latest/ttnn/ttnn/api/ttnn.register_post_operation_hook.html
15:21:15 INFO [488/2500] d=1 https://docs.tenstorrent.com/tt-metal/latest/ttnn/ttnn/api/ttnn.model_preprocessing.preprocess_model.html
15:21:16 DEBUG https://docs.tenstorrent.com:443 "GET /tt-metal/latest/ttnn/ttnn/tutorials/tutorials/ttnn_basic_matrix_multiplication.html HTTP/1.1" 200 6232
15:21:16 DEBUG https://docs.tenstorrent.com:443 "GET /tt-metal/latest/ttnn/ttnn/tutorials/tutorials/ttnn_basic_operations.html HTTP/1.1" 200 6974
15:21:16 DEBUG https://docs.tenstorrent.com:443 "GET /tt-metal/latest/ttnn/ttnn/tutorials/tutorials/ttnn_basic_conv.html HTTP/1.1" 200 6527
15:21:16 DEBUG https://docs.tenstorrent.com:443 "GET /tt-metal/latest/ttnn/ttnn/tutorials/tutorials/ttnn_simplecnn_inference.html HTTP/1.1" 200 11493
15:21:16 DEBUG https://docs.tenstorrent.com:443 "GET /tt-metal/latest/ttnn/ttnn/tutorials/tutorials/ttnn_multihead_attention.html HTTP/1.1" 200 8300
15:21:16 DEBUG https://docs.tenstorrent.com:443 "GET /tt-metal/latest/ttnn/ttnn/tutorials/tutorials/ttnn_mlp_inference_mnist.html HTTP/1.1" 200 7797
15:21:16 INFO [489/2500] d=1 https://docs.tenstorrent.com/tt-metal/latest/ttnn/ttnn/tutorials/tutorials/ttnn_basic_matrix_multiplication.html
15:21:16 INFO [490/2500] d=1 https://docs.tenstorrent.com/tt-metal/latest/ttnn/ttnn/tutorials/tutorials/ttnn_basic_operations.html
15:21:16 INFO [491/2500] d=1 https://docs.tenstorrent.com/tt-metal/latest/ttnn/ttnn/tutorials/tutorials/ttnn_basic_conv.html
15:21:16 INFO [492/2500] d=1 https://docs.tenstorrent.com/tt-metal/latest/ttnn/ttnn/tutorials/tutorials/ttnn_simplecnn_inference.html
15:21:17 INFO [493/2500] d=1 https://docs.tenstorrent.com/tt-metal/latest/ttnn/ttnn/tutorials/tutorials/ttnn_multihead_attention.html
15:21:17 INFO [494/2500] d=1 https://docs.tenstorrent.com/tt-metal/latest/ttnn/ttnn/tutorials/tutorials/ttnn_mlp_inference_mnist.html
15:21:17 DEBUG https://docs.tenstorrent.com:443 "GET /getting-started/README.html HTTP/1.1" 200 9942
15:21:17 DEBUG https://docs.tenstorrent.com:443 "GET /tt-metal/latest/ttnn/py-modindex.html HTTP/1.1" 404 5254
15:21:17 DEBUG https://docs.tenstorrent.com:443 "GET /tt-metal/latest/ttnn/ttnn/tutorials/tutorials/ttnn_visualizer.html HTTP/1.1" 200 9086
15:21:17 DEBUG https://docs.tenstorrent.com:443 "GET /tt-metal/latest/ttnn/ttnn/tutorials/tutorials/ttnn_tracer_model.html HTTP/1.1" 200 6749
15:21:17 DEBUG https://docs.tenstorrent.com:443 "GET /tt-metal/latest/ttnn/ttnn/tutorials/tutorials/ttnn_clip_zero_shot_classification.html HTTP/1.1" 200 18663
15:21:17 DEBUG https://docs.tenstorrent.com:443 "GET /getting-started/model-demos.html HTTP/1.1" 200 6630
15:21:17 INFO [495/2500] d=1 https://docs.tenstorrent.com/getting-started/README.html
15:21:17 WARNING skip https://docs.tenstorrent.com/tt-metal/latest/ttnn/py-modindex.html (http 404)
15:21:17 INFO [496/2500] d=1 https://docs.tenstorrent.com/tt-metal/latest/ttnn/ttnn/tutorials/tutorials/ttnn_visualizer.html
15:21:18 INFO [497/2500] d=1 https://docs.tenstorrent.com/tt-metal/latest/ttnn/ttnn/tutorials/tutorials/ttnn_tracer_model.html
15:21:18 INFO [498/2500] d=1 https://docs.tenstorrent.com/getting-started/model-demos.html
15:21:19 INFO [499/2500] d=1 https://docs.tenstorrent.com/tt-metal/latest/ttnn/ttnn/tutorials/tutorials/ttnn_clip_zero_shot_classification.html
15:21:20 DEBUG https://docs.tenstorrent.com:443 "GET /getting-started/tt-software-stack.html HTTP/1.1" 200 6740
15:21:20 DEBUG https://docs.tenstorrent.com:443 "GET /tt-metal/latest/tt-metalium/index.html HTTP/1.1" 200 12134
15:21:20 DEBUG https://docs.tenstorrent.com:443 "GET /getting-started/vLLM-servers.html HTTP/1.1" 200 10961
15:21:20 INFO [500/2500] d=1 https://docs.tenstorrent.com/getting-started/tt-software-stack.html
15:21:20 DEBUG https://docs.tenstorrent.com:443 "GET /aibs/index.html HTTP/1.1" 200 4801
15:21:21 DEBUG https://docs.tenstorrent.com:443 "GET /forge/index.html HTTP/1.1" 200 5107
15:21:21 DEBUG https://docs.tenstorrent.com:443 "GET /systems/index.html HTTP/1.1" 200 4939
15:21:21 INFO [501/2500] d=1 https://docs.tenstorrent.com/tt-metal/latest/tt-metalium/index.html
15:21:21 INFO [502/2500] d=1 https://docs.tenstorrent.com/aibs/index.html
15:21:21 INFO [503/2500] d=1 https://docs.tenstorrent.com/getting-started/vLLM-servers.html
15:21:21 INFO [504/2500] d=1 https://docs.tenstorrent.com/forge/index.html
15:21:21 INFO [505/2500] d=1 https://docs.tenstorrent.com/systems/index.html
15:21:22 DEBUG https://docs.tenstorrent.com:443 "GET /bounty_terms.html HTTP/1.1" 200 10311
15:21:22 DEBUG https://docs.tenstorrent.com:443 "GET /tools/index.html HTTP/1.1" 200 5584
15:21:22 DEBUG https://docs.tenstorrent.com:443 "GET /getting-started/manual-software-install.html HTTP/1.1" 200 7597
15:21:22 DEBUG https://docs.tenstorrent.com:443 "GET /aibs/blackhole/index.html HTTP/1.1" 200 5128
15:21:22 DEBUG https://docs.tenstorrent.com:443 "GET /tt-metal/latest/ttnn/index.html HTTP/1.1" 200 19164
15:21:22 DEBUG https://docs.tenstorrent.com:443 "GET /support/README.html HTTP/1.1" 200 4872
15:21:22 INFO [506/2500] d=1 https://docs.tenstorrent.com/bounty_terms.html
15:21:22 INFO [507/2500] d=1 https://docs.tenstorrent.com/tools/index.html
15:21:23 INFO [508/2500] d=1 https://docs.tenstorrent.com/getting-started/manual-software-install.html
15:21:24 INFO [509/2500] d=1 https://docs.tenstorrent.com/aibs/blackhole/index.html
15:21:24 INFO [510/2500] d=1 https://docs.tenstorrent.com/support/README.html
15:21:25 INFO [511/2500] d=1 https://docs.tenstorrent.com/tt-metal/latest/ttnn/index.html
15:21:26 DEBUG https://docs.tenstorrent.com:443 "GET /systems/t7000/index.html HTTP/1.1" 200 4797
15:21:26 DEBUG https://docs.tenstorrent.com:443 "GET /aibs/wormhole/index.html HTTP/1.1" 200 5106
15:21:26 DEBUG https://docs.tenstorrent.com:443 "GET /tt-mlir/ HTTP/1.1" 200 16178
15:21:26 DEBUG https://docs.tenstorrent.com:443 "GET /systems/t1000/index.html HTTP/1.1" 200 4821
15:21:26 INFO [512/2500] d=1 https://docs.tenstorrent.com/systems/t7000/index.html
15:21:26 DEBUG https://docs.tenstorrent.com:443 "GET /aibs/grayskull/index.html HTTP/1.1" 200 5073
15:21:26 INFO [513/2500] d=1 https://docs.tenstorrent.com/aibs/wormhole/index.html
15:21:26 DEBUG https://docs.tenstorrent.com:443 "GET /systems/t3000/index.html HTTP/1.1" 200 5009
15:21:26 INFO [514/2500] d=1 https://docs.tenstorrent.com/systems/t1000/index.html
15:21:26 INFO [515/2500] d=1 https://docs.tenstorrent.com/tt-mlir/
15:21:26 INFO [516/2500] d=1 https://docs.tenstorrent.com/aibs/grayskull/index.html
15:21:26 INFO [517/2500] d=1 https://docs.tenstorrent.com/systems/t3000/index.html
15:21:26 DEBUG https://docs.tenstorrent.com:443 "GET /pybuda/latest/dataformats.html HTTP/1.1" 404 5254
15:21:26 DEBUG https://docs.tenstorrent.com:443 "GET /tt-metal/latest/ttnn/ttnn/usage.html HTTP/1.1" 404 5254
15:21:26 WARNING skip https://docs.tenstorrent.com/pybuda/latest/dataformats.html (http 404)
15:21:26 WARNING skip https://docs.tenstorrent.com/tt-metal/latest/ttnn/ttnn/usage.html (http 404)
15:21:26 DEBUG https://docs.tenstorrent.com:443 "GET /tt-metal/latest/tt-metalium/tt_metal/examples/index.html HTTP/1.1" 200 4391
15:21:26 DEBUG https://docs.tenstorrent.com:443 "GET /tt-metal/latest/ttnn/ttnn/tutorials/2025_dx_rework/ttnn_visualizer.html HTTP/1.1" 404 5254
15:21:26 DEBUG https://docs.tenstorrent.com:443 "GET / HTTP/1.1" 200 3975
15:21:26 DEBUG https://docs.tenstorrent.com:443 "GET /ttnn-visualizer/src/installing.html HTTP/1.1" 200 4758
15:21:26 INFO [518/2500] d=2 https://docs.tenstorrent.com/tt-metal/latest/tt-metalium/tt_metal/examples/index.html
15:21:27 WARNING skip https://docs.tenstorrent.com/tt-metal/latest/ttnn/ttnn/tutorials/2025_dx_rework/ttnn_visualizer.html (http 404)
15:21:27 INFO [519/2500] d=2 https://docs.tenstorrent.com
15:21:27 INFO [520/2500] d=2 https://docs.tenstorrent.com/ttnn-visualizer/src/installing.html
15:21:27 DEBUG https://docs.tenstorrent.com:443 "GET /index.html HTTP/1.1" 200 3975
15:21:27 DEBUG https://docs.tenstorrent.com:443 "GET /tt-metal/latest/tt-metalium/tt_metal/programming_model/index.html HTTP/1.1" 200 2758
15:21:27 DEBUG https://docs.tenstorrent.com:443 "GET /systems/quietbox/quietbox-wh/index.html HTTP/1.1" 200 5048
15:21:27 DEBUG https://docs.tenstorrent.com:443 "GET /tt-metal/latest/tt-metalium/get_started/get_started.html HTTP/1.1" 200 5904
15:21:27 DEBUG https://docs.tenstorrent.com:443 "GET /ttnn-visualizer HTTP/1.1" 301 162
15:21:27 DEBUG https://docs.tenstorrent.com:443 "GET /tt-metal/latest/tt-metalium/installing.html HTTP/1.1" 200 7392
15:21:27 INFO [521/2500] d=2 https://docs.tenstorrent.com/tt-metal/latest/tt-metalium/tt_metal/programming_model/index.html
15:21:27 INFO [522/2500] d=2 https://docs.tenstorrent.com/index.html
15:21:27 INFO [523/2500] d=2 https://docs.tenstorrent.com/systems/quietbox/quietbox-wh/index.html
15:21:27 INFO [524/2500] d=2 https://docs.tenstorrent.com/tt-metal/latest/tt-metalium/get_started/get_started.html
15:21:27 DEBUG https://docs.tenstorrent.com:443 "GET /ttnn-visualizer/ HTTP/1.1" 200 2902
15:21:27 INFO [525/2500] d=2 https://docs.tenstorrent.com/tt-metal/latest/tt-metalium/installing.html
15:21:27 INFO [526/2500] d=2 https://docs.tenstorrent.com/ttnn-visualizer
15:21:28 DEBUG https://docs.tenstorrent.com:443 "GET /tt-metal/latest/tt-metalium/tt_metal/apis/index.html HTTP/1.1" 200 6399
15:21:28 DEBUG https://docs.tenstorrent.com:443 "GET /tt-metal/latest/tt-metalium/tt_metal/labs/index.html HTTP/1.1" 200 3919
15:21:28 DEBUG https://docs.tenstorrent.com:443 "GET /tt-metal/latest/tt-metalium/tt_metal/environment_variables/index.html HTTP/1.1" 200 3833
15:21:28 DEBUG https://docs.tenstorrent.com:443 "GET /tt-metal/latest/tt-metalium/tt_metal/advanced_topics/index.html HTTP/1.1" 200 3628
15:21:28 DEBUG https://docs.tenstorrent.com:443 "GET /tt-metal/latest/tt-metalium/resources/support.html HTTP/1.1" 200 3287
15:21:28 DEBUG https://docs.tenstorrent.com:443 "GET /tt-metal/latest/tt-metalium/tools/index.html HTTP/1.1" 200 3381
15:21:28 INFO [527/2500] d=2 https://docs.tenstorrent.com/tt-metal/latest/tt-metalium/tt_metal/labs/index.html
15:21:28 INFO [528/2500] d=2 https://docs.tenstorrent.com/tt-metal/latest/tt-metalium/tt_metal/environment_variables/index.html
15:21:28 INFO [529/2500] d=2 https://docs.tenstorrent.com/tt-metal/latest/tt-metalium/tt_metal/apis/index.html
15:21:28 INFO [530/2500] d=2 https://docs.tenstorrent.com/tt-metal/latest/tt-metalium/tt_metal/advanced_topics/index.html
15:21:28 INFO [531/2500] d=2 https://docs.tenstorrent.com/tt-metal/latest/tt-metalium/resources/support.html
15:21:28 INFO [532/2500] d=2 https://docs.tenstorrent.com/tt-metal/latest/tt-metalium/tools/index.html
15:21:28 DEBUG https://docs.tenstorrent.com:443 "GET /tt-metal/latest/tt-metalium/tt_metal/examples/eltwise_binary.html HTTP/1.1" 200 10260
15:21:28 DEBUG https://docs.tenstorrent.com:443 "GET /tt-metal/latest/tt-metalium/tt_metal/examples/dram_loopback.html HTTP/1.1" 200 10068
15:21:28 DEBUG https://docs.tenstorrent.com:443 "GET /tt-metal/latest/tt-metalium/tt_metal/examples/eltwise_sfpu.html HTTP/1.1" 200 7944
15:21:28 DEBUG https://docs.tenstorrent.com:443 "GET /tt-metal/latest/tt-metalium/tt_metal/examples/matmul_single_core.html HTTP/1.1" 200 12712
15:21:28 DEBUG https://docs.tenstorrent.com:443 "GET /tt-metal/latest/tt-metalium/resources/contributing.html HTTP/1.1" 200 2801
15:21:28 DEBUG https://docs.tenstorrent.com:443 "GET /tt-metal/latest/tt-metalium/tt_metal/examples/matmul_multi_core.html HTTP/1.1" 200 13873
15:21:28 INFO [533/2500] d=2 https://docs.tenstorrent.com/tt-metal/latest/tt-metalium/tt_metal/examples/eltwise_binary.html
15:21:29 INFO [534/2500] d=2 https://docs.tenstorrent.com/tt-metal/latest/tt-metalium/tt_metal/examples/dram_loopback.html
15:21:29 INFO [535/2500] d=2 https://docs.tenstorrent.com/tt-metal/latest/tt-metalium/resources/contributing.html
15:21:29 INFO [536/2500] d=2 https://docs.tenstorrent.com/tt-metal/latest/tt-metalium/tt_metal/examples/eltwise_sfpu.html
15:21:29 INFO [537/2500] d=2 https://docs.tenstorrent.com/tt-metal/latest/tt-metalium/tt_metal/examples/matmul_single_core.html
15:21:30 INFO [538/2500] d=2 https://docs.tenstorrent.com/tt-metal/latest/tt-metalium/tt_metal/examples/matmul_multi_core.html
15:21:30 DEBUG https://docs.tenstorrent.com:443 "GET /tt-metal/latest/tt-metalium/tt_metal/examples/matmul_multi_core_optimizations/data_reuse.html HTTP/1.1" 200 8111
15:21:30 DEBUG https://docs.tenstorrent.com:443 "GET /tt-metal/latest/tt-metalium/tt_metal/examples/custom_sfpi_smoothstep.html HTTP/1.1" 200 9195
15:21:30 DEBUG https://docs.tenstorrent.com:443 "GET /tt-metal/latest/tt-metalium/tt_metal/examples/custom_sfpi.html HTTP/1.1" 200 3726
15:21:30 DEBUG https://docs.tenstorrent.com:443 "GET /tt-metal/latest/tt-metalium/tt_metal/examples/matmul_multi_core_optimizations/data_mcast.html HTTP/1.1" 200 10403
15:21:30 DEBUG https://docs.tenstorrent.com:443 "GET /tt-metal/latest/tt-metalium/tt_metal/examples/custom_sfpi_add.html HTTP/1.1" 200 9204
15:21:30 DEBUG https://docs.tenstorrent.com:443 "GET /tt-metal/latest/tt-metalium/tt_metal/examples/matmul_multi_core_optimized.html HTTP/1.1" 200 3804
15:21:30 INFO [539/2500] d=2 https://docs.tenstorrent.com/tt-metal/latest/tt-metalium/tt_metal/examples/matmul_multi_core_optimizations/data_reuse.html
15:21:30 INFO [540/2500] d=2 https://docs.tenstorrent.com/tt-metal/latest/tt-metalium/tt_metal/examples/custom_sfpi.html
15:21:31 INFO [541/2500] d=2 https://docs.tenstorrent.com/tt-metal/latest/tt-metalium/tt_metal/examples/custom_sfpi_smoothstep.html
15:21:31 INFO [542/2500] d=2 https://docs.tenstorrent.com/tt-metal/latest/tt-metalium/tt_metal/examples/matmul_multi_core_optimized.html
15:21:31 INFO [543/2500] d=2 https://docs.tenstorrent.com/tt-metal/latest/tt-metalium/tt_metal/examples/custom_sfpi_add.html
15:21:31 INFO [544/2500] d=2 https://docs.tenstorrent.com/tt-metal/latest/tt-metalium/tt_metal/examples/matmul_multi_core_optimizations/data_mcast.html
15:21:31 DEBUG https://docs.tenstorrent.com:443 "GET /tt-metal/latest/tt-metalium/tt_metal/labs/matmul/lab1/lab1.html HTTP/1.1" 200 30423
15:21:31 DEBUG https://docs.tenstorrent.com:443 "GET /tt-metal/latest/tt-metalium/tt_metal/advanced_topics/compute_engines_and_dataflow_within_tensix.html HTTP/1.1" 200 10980
15:21:31 DEBUG https://docs.tenstorrent.com:443 "GET /tt-metal/latest/tt-metalium/tt_metal/advanced_topics/tiles.html HTTP/1.1" 200 6708
15:21:31 DEBUG https://docs.tenstorrent.com:443 "GET /tt-metal/latest/tt-metalium/tt_metal/advanced_topics/fp32_accuracy.html HTTP/1.1" 200 6797
15:21:31 DEBUG https://docs.tenstorrent.com:443 "GET /tt-metal/latest/tt-metalium/tt_metal/advanced_topics/memory_for_kernel_developers.html HTTP/1.1" 200 11973
15:21:31 DEBUG https://docs.tenstorrent.com:443 "GET /tt-metal/latest/tt-metalium/tt_metal/apis/host_apis.html HTTP/1.1" 200 3133
15:21:32 INFO [545/2500] d=2 https://docs.tenstorrent.com/tt-metal/latest/tt-metalium/tt_metal/labs/matmul/lab1/lab1.html
15:21:32 INFO [546/2500] d=2 https://docs.tenstorrent.com/tt-metal/latest/tt-metalium/tt_metal/advanced_topics/tiles.html
15:21:32 INFO [547/2500] d=2 https://docs.tenstorrent.com/tt-metal/latest/tt-metalium/tt_metal/advanced_topics/fp32_accuracy.html
15:21:32 INFO [548/2500] d=2 https://docs.tenstorrent.com/tt-metal/latest/tt-metalium/tt_metal/apis/host_apis.html
15:21:32 INFO [549/2500] d=2 https://docs.tenstorrent.com/tt-metal/latest/tt-metalium/tt_metal/advanced_topics/memory_for_kernel_developers.html
15:21:32 INFO [550/2500] d=2 https://docs.tenstorrent.com/tt-metal/latest/tt-metalium/tt_metal/advanced_topics/compute_engines_and_dataflow_within_tensix.html
15:21:33 DEBUG https://docs.tenstorrent.com:443 "GET /tt-metal/latest/tt-metalium/tt_metal/apis/host_apis/buffers/CircularBuffers.html HTTP/1.1" 200 4897
15:21:33 DEBUG https://docs.tenstorrent.com:443 "GET /tt-metal/latest/tt-metalium/tt_metal/apis/host_apis/program/CreateProgram.html HTTP/1.1" 200 3181
15:21:33 DEBUG https://docs.tenstorrent.com:443 "GET /tt-metal/latest/tt-metalium/tt_metal/apis/host_apis/program/program.html HTTP/1.1" 200 2897
15:21:33 DEBUG https://docs.tenstorrent.com:443 "GET /tt-metal/latest/tt-metalium/tt_metal/apis/host_apis/buffers/buffers.html HTTP/1.1" 200 3004
15:21:33 DEBUG https://docs.tenstorrent.com:443 "GET /tt-metal/latest/tt-metalium/tt_metal/apis/host_apis/buffers/CreateSemaphore.html HTTP/1.1" 200 3776
15:21:33 DEBUG https://docs.tenstorrent.com:443 "GET /tt-metal/latest/tt-metalium/tt_metal/apis/host_apis/buffers/CreateBuffer.html HTTP/1.1" 200 3974
15:21:33 INFO [551/2500] d=2 https://docs.tenstorrent.com/tt-metal/latest/tt-metalium/tt_metal/apis/host_apis/buffers/CircularBuffers.html
15:21:33 INFO [552/2500] d=2 https://docs.tenstorrent.com/tt-metal/latest/tt-metalium/tt_metal/apis/host_apis/program/CreateProgram.html
15:21:33 INFO [553/2500] d=2 https://docs.tenstorrent.com/tt-metal/latest/tt-metalium/tt_metal/apis/host_apis/program/program.html
15:21:33 INFO [554/2500] d=2 https://docs.tenstorrent.com/tt-metal/latest/tt-metalium/tt_metal/apis/host_apis/buffers/CreateSemaphore.html
15:21:33 INFO [555/2500] d=2 https://docs.tenstorrent.com/tt-metal/latest/tt-metalium/tt_metal/apis/host_apis/buffers/buffers.html
15:21:33 INFO [556/2500] d=2 https://docs.tenstorrent.com/tt-metal/latest/tt-metalium/tt_metal/apis/host_apis/buffers/CreateBuffer.html
15:21:33 DEBUG https://docs.tenstorrent.com:443 "GET /tt-metal/latest/tt-metalium/tt_metal/apis/host_apis/buffers/AssignGlobalBufferToProgram.html HTTP/1.1" 200 3588
15:21:33 DEBUG https://docs.tenstorrent.com:443 "GET /tt-metal/latest/tt-metalium/tt_metal/apis/host_apis/device_management/CloseDevice.html HTTP/1.1" 200 3318
15:21:33 DEBUG https://docs.tenstorrent.com:443 "GET /tt-metal/latest/tt-metalium/tt_metal/apis/host_apis/device_management/device_management.html HTTP/1.1" 200 2953
15:21:33 DEBUG https://docs.tenstorrent.com:443 "GET /tt-metal/latest/tt-metalium/tt_metal/apis/host_apis/buffers/DeallocateBuffer.html HTTP/1.1" 200 3399
15:21:33 INFO [557/2500] d=2 https://docs.tenstorrent.com/tt-metal/latest/tt-metalium/tt_metal/apis/host_apis/buffers/AssignGlobalBufferToProgram.html
15:21:33 DEBUG https://docs.tenstorrent.com:443 "GET /tt-metal/latest/tt-metalium/tt_metal/apis/host_apis/device_management/CreateDevice.html HTTP/1.1" 200 3662
15:21:33 DEBUG https://docs.tenstorrent.com:443 "GET /tt-metal/latest/tt-metalium/tt_metal/apis/host_apis/device_management/QueryDevices.html HTTP/1.1" 200 3274
15:21:33 INFO [558/2500] d=2 https://docs.tenstorrent.com/tt-metal/latest/tt-metalium/tt_metal/apis/host_apis/device_management/CloseDevice.html
15:21:33 INFO [559/2500] d=2 https://docs.tenstorrent.com/tt-metal/latest/tt-metalium/tt_metal/apis/host_apis/device_management/device_management.html
15:21:33 INFO [560/2500] d=2 https://docs.tenstorrent.com/tt-metal/latest/tt-metalium/tt_metal/apis/host_apis/buffers/DeallocateBuffer.html
15:21:33 INFO [561/2500] d=2 https://docs.tenstorrent.com/tt-metal/latest/tt-metalium/tt_metal/apis/host_apis/device_management/CreateDevice.html
15:21:33 INFO [562/2500] d=2 https://docs.tenstorrent.com/tt-metal/latest/tt-metalium/tt_metal/apis/host_apis/device_management/QueryDevices.html
15:21:34 DEBUG https://docs.tenstorrent.com:443 "GET /tt-metal/latest/tt-metalium/tt_metal/apis/host_apis/kernels/CreateKernel.html HTTP/1.1" 200 3815
15:21:34 DEBUG https://docs.tenstorrent.com:443 "GET /tt-metal/latest/tt-metalium/tt_metal/apis/host_apis/kernels/CreateKernelFromString.html HTTP/1.1" 200 3768
15:21:34 DEBUG https://docs.tenstorrent.com:443 "GET /tt-metal/latest/tt-metalium/tt_metal/apis/host_apis/runtime_args/runtime_args.html HTTP/1.1" 200 4833
15:21:34 DEBUG https://docs.tenstorrent.com:443 "GET /tt-metal/latest/tt-metalium/tt_metal/apis/host_apis/kernels/kernels.html HTTP/1.1" 200 2924
15:21:34 INFO [563/2500] d=2 https://docs.tenstorrent.com/tt-metal/latest/tt-metalium/tt_metal/apis/host_apis/kernels/CreateKernel.html
15:21:34 DEBUG https://docs.tenstorrent.com:443 "GET /tt-metal/latest/tt-metalium/tt_metal/apis/host_apis/profiler/profiler.html HTTP/1.1" 200 2961
15:21:34 INFO [564/2500] d=2 https://docs.tenstorrent.com/tt-metal/latest/tt-metalium/tt_metal/apis/host_apis/kernels/CreateKernelFromString.html
15:21:34 DEBUG https://docs.tenstorrent.com:443 "GET /tt-metal/latest/tt-metalium/tt_metal/apis/host_apis/profiler/ReadMeshDeviceProfilerResults.html HTTP/1.1" 200 3700
15:21:34 INFO [565/2500] d=2 https://docs.tenstorrent.com/tt-metal/latest/tt-metalium/tt_metal/apis/host_apis/kernels/kernels.html
15:21:34 INFO [566/2500] d=2 https://docs.tenstorrent.com/tt-metal/latest/tt-metalium/tt_metal/apis/host_apis/runtime_args/runtime_args.html
15:21:34 INFO [567/2500] d=2 https://docs.tenstorrent.com/tt-metal/latest/tt-metalium/tt_metal/apis/host_apis/profiler/profiler.html
15:21:34 INFO [568/2500] d=2 https://docs.tenstorrent.com/tt-metal/latest/tt-metalium/tt_metal/apis/host_apis/profiler/ReadMeshDeviceProfilerResults.html
15:21:34 DEBUG https://docs.tenstorrent.com:443 "GET /tt-metal/latest/tt-metalium/tt_metal/apis/kernel_apis/circular_buffers/circular_buffers.html HTTP/1.1" 200 3136
15:21:34 DEBUG https://docs.tenstorrent.com:443 "GET /tt-metal/latest/tt-metalium/tt_metal/apis/kernel_apis/circular_buffers/cb_wait_front.html HTTP/1.1" 200 3902
15:21:34 INFO [569/2500] d=2 https://docs.tenstorrent.com/tt-metal/latest/tt-metalium/tt_metal/apis/kernel_apis/circular_buffers/circular_buffers.html
15:21:34 DEBUG https://docs.tenstorrent.com:443 "GET /tt-metal/latest/tt-metalium/tt_metal/apis/kernel_apis/circular_buffers/cb_pages_available_at_front.html HTTP/1.1" 200 3947
15:21:34 DEBUG https://docs.tenstorrent.com:443 "GET /tt-metal/latest/tt-metalium/tt_metal/apis/kernel_apis.html HTTP/1.1" 200 6354
15:21:34 DEBUG https://docs.tenstorrent.com:443 "GET /tt-metal/latest/tt-metalium/tt_metal/apis/host_apis/profiler/GetLatestProgramsPerfData.html HTTP/1.1" 200 3487
15:21:34 INFO [570/2500] d=2 https://docs.tenstorrent.com/tt-metal/latest/tt-metalium/tt_metal/apis/kernel_apis/circular_buffers/cb_wait_front.html
15:21:34 INFO [571/2500] d=2 https://docs.tenstorrent.com/tt-metal/latest/tt-metalium/tt_metal/apis/kernel_apis/circular_buffers/cb_pages_available_at_front.html
15:21:34 INFO [572/2500] d=2 https://docs.tenstorrent.com/tt-metal/latest/tt-metalium/tt_metal/apis/host_apis/profiler/GetLatestProgramsPerfData.html
15:21:34 DEBUG https://docs.tenstorrent.com:443 "GET /tt-metal/latest/tt-metalium/tt_metal/apis/host_apis/profiler/GetAllProgramsPerfData.html HTTP/1.1" 200 3489
15:21:34 INFO [573/2500] d=2 https://docs.tenstorrent.com/tt-metal/latest/tt-metalium/tt_metal/apis/kernel_apis.html
15:21:34 INFO [574/2500] d=2 https://docs.tenstorrent.com/tt-metal/latest/tt-metalium/tt_metal/apis/host_apis/profiler/GetAllProgramsPerfData.html
15:21:35 DEBUG https://docs.tenstorrent.com:443 "GET /tt-metal/latest/tt-metalium/tt_metal/apis/kernel_apis/circular_buffers/cb_pop_front.html HTTP/1.1" 200 3658
15:21:35 DEBUG https://docs.tenstorrent.com:443 "GET /tt-metal/latest/tt-metalium/tt_metal/apis/kernel_apis/circular_buffers/cb_push_back.html HTTP/1.1" 200 3675
15:21:35 DEBUG https://docs.tenstorrent.com:443 "GET /tt-metal/latest/tt-metalium/tt_metal/apis/kernel_apis/circular_buffers/cb_pages_reservable_at_back.html HTTP/1.1" 200 3542
15:21:35 DEBUG https://docs.tenstorrent.com:443 "GET /tt-metal/latest/tt-metalium/tt_metal/apis/kernel_apis/circular_buffers/get_read_ptr.html HTTP/1.1" 200 3383
15:21:35 DEBUG https://docs.tenstorrent.com:443 "GET /tt-metal/latest/tt-metalium/tt_metal/apis/kernel_apis/circular_buffers/cb_reserve_back.html HTTP/1.1" 200 3499
15:21:35 INFO [575/2500] d=2 https://docs.tenstorrent.com/tt-metal/latest/tt-metalium/tt_metal/apis/kernel_apis/circular_buffers/cb_pop_front.html
15:21:35 INFO [576/2500] d=2 https://docs.tenstorrent.com/tt-metal/latest/tt-metalium/tt_metal/apis/kernel_apis/circular_buffers/cb_push_back.html
15:21:35 INFO [577/2500] d=2 https://docs.tenstorrent.com/tt-metal/latest/tt-metalium/tt_metal/apis/kernel_apis/circular_buffers/cb_pages_reservable_at_back.html
15:21:35 DEBUG https://docs.tenstorrent.com:443 "GET /tt-metal/latest/tt-metalium/tt_metal/apis/kernel_apis/circular_buffers/get_write_ptr.html HTTP/1.1" 200 3426
15:21:35 INFO [578/2500] d=2 https://docs.tenstorrent.com/tt-metal/latest/tt-metalium/tt_metal/apis/kernel_apis/circular_buffers/get_read_ptr.html
15:21:35 INFO [579/2500] d=2 https://docs.tenstorrent.com/tt-metal/latest/tt-metalium/tt_metal/apis/kernel_apis/circular_buffers/cb_reserve_back.html
15:21:35 INFO [580/2500] d=2 https://docs.tenstorrent.com/tt-metal/latest/tt-metalium/tt_metal/apis/kernel_apis/circular_buffers/get_write_ptr.html
15:21:35 DEBUG https://docs.tenstorrent.com:443 "GET /tt-metal/latest/tt-metalium/tt_metal/apis/kernel_apis/kernel_args/get_compile_time_arg_val.html HTTP/1.1" 200 3283
15:21:35 DEBUG https://docs.tenstorrent.com:443 "GET /tt-metal/latest/tt-metalium/tt_metal/apis/kernel_apis/kernel_args/get_arg_addr.html HTTP/1.1" 200 3335
15:21:35 DEBUG https://docs.tenstorrent.com:443 "GET /tt-metal/latest/tt-metalium/tt_metal/apis/kernel_apis/kernel_args/get_arg_val.html HTTP/1.1" 200 3431
15:21:35 DEBUG https://docs.tenstorrent.com:443 "GET /tt-metal/latest/tt-metalium/tt_metal/apis/kernel_apis/kernel_args/get_common_arg_val.html HTTP/1.1" 200 3453
15:21:35 INFO [581/2500] d=2 https://docs.tenstorrent.com/tt-metal/latest/tt-metalium/tt_metal/apis/kernel_apis/kernel_args/get_compile_time_arg_val.html
15:21:35 DEBUG https://docs.tenstorrent.com:443 "GET /tt-metal/latest/tt-metalium/tt_metal/apis/kernel_apis/kernel_args/get_common_arg_addr.html HTTP/1.1" 200 3332
15:21:35 INFO [582/2500] d=2 https://docs.tenstorrent.com/tt-metal/latest/tt-metalium/tt_metal/apis/kernel_apis/kernel_args/get_arg_addr.html
15:21:35 INFO [583/2500] d=2 https://docs.tenstorrent.com/tt-metal/latest/tt-metalium/tt_metal/apis/kernel_apis/kernel_args/get_arg_val.html
15:21:35 INFO [584/2500] d=2 https://docs.tenstorrent.com/tt-metal/latest/tt-metalium/tt_metal/apis/kernel_apis/kernel_args/get_common_arg_val.html
15:21:35 DEBUG https://docs.tenstorrent.com:443 "GET /tt-metal/latest/tt-metalium/tt_metal/apis/kernel_apis/kernel_args/kernel_args.html HTTP/1.1" 200 2956
15:21:35 INFO [585/2500] d=2 https://docs.tenstorrent.com/tt-metal/latest/tt-metalium/tt_metal/apis/kernel_apis/kernel_args/get_common_arg_addr.html
15:21:35 INFO [586/2500] d=2 https://docs.tenstorrent.com/tt-metal/latest/tt-metalium/tt_metal/apis/kernel_apis/kernel_args/kernel_args.html
15:21:36 DEBUG https://docs.tenstorrent.com:443 "GET /tt-metal/latest/tt-metalium/tt_metal/apis/kernel_apis/data_movement/noc_async_read_one_packet_set_state.html HTTP/1.1" 200 3743
15:21:36 DEBUG https://docs.tenstorrent.com:443 "GET /tt-metal/latest/tt-metalium/tt_metal/apis/kernel_apis/data_movement/data_movement.html HTTP/1.1" 200 3338
15:21:36 DEBUG https://docs.tenstorrent.com:443 "GET /tt-metal/latest/tt-metalium/tt_metal/apis/kernel_apis/data_movement/noc_async_read_with_state.html HTTP/1.1" 200 3763
15:21:36 INFO [587/2500] d=2 https://docs.tenstorrent.com/tt-metal/latest/tt-metalium/tt_metal/apis/kernel_apis/data_movement/noc_async_read_one_packet_set_state.html
15:21:36 DEBUG https://docs.tenstorrent.com:443 "GET /tt-metal/latest/tt-metalium/tt_metal/apis/kernel_apis/data_movement/noc_async_read_one_packet.html HTTP/1.1" 200 3662
15:21:36 DEBUG https://docs.tenstorrent.com:443 "GET /tt-metal/latest/tt-metalium/tt_metal/apis/kernel_apis/data_movement/noc_async_read_set_state.html HTTP/1.1" 200 3595
15:21:36 INFO [588/2500] d=2 https://docs.tenstorrent.com/tt-metal/latest/tt-metalium/tt_metal/apis/kernel_apis/data_movement/data_movement.html
15:21:36 DEBUG https://docs.tenstorrent.com:443 "GET /tt-metal/latest/tt-metalium/tt_metal/apis/kernel_apis/data_movement/noc_async_read.html HTTP/1.1" 200 3861
15:21:36 INFO [589/2500] d=2 https://docs.tenstorrent.com/tt-metal/latest/tt-metalium/tt_metal/apis/kernel_apis/data_movement/noc_async_read_with_state.html
15:21:36 INFO [590/2500] d=2 https://docs.tenstorrent.com/tt-metal/latest/tt-metalium/tt_metal/apis/kernel_apis/data_movement/noc_async_read_set_state.html
15:21:36 INFO [591/2500] d=2 https://docs.tenstorrent.com/tt-metal/latest/tt-metalium/tt_metal/apis/kernel_apis/data_movement/noc_async_read_one_packet.html
15:21:36 INFO [592/2500] d=2 https://docs.tenstorrent.com/tt-metal/latest/tt-metalium/tt_metal/apis/kernel_apis/data_movement/noc_async_read.html
15:21:36 DEBUG https://docs.tenstorrent.com:443 "GET /tt-metal/latest/tt-metalium/tt_metal/apis/kernel_apis/data_movement/noc_async_write_multicast_loopback_src.html HTTP/1.1" 200 3816
15:21:36 DEBUG https://docs.tenstorrent.com:443 "GET /tt-metal/latest/tt-metalium/tt_metal/apis/kernel_apis/data_movement/noc_async_write.html HTTP/1.1" 200 3981
15:21:36 DEBUG https://docs.tenstorrent.com:443 "GET /tt-metal/latest/tt-metalium/tt_metal/apis/kernel_apis/data_movement/noc_async_read_page.html HTTP/1.1" 200 3886
15:21:36 DEBUG https://docs.tenstorrent.com:443 "GET /tt-metal/latest/tt-metalium/tt_metal/apis/kernel_apis/data_movement/noc_async_read_shard.html HTTP/1.1" 200 3682
15:21:36 DEBUG https://docs.tenstorrent.com:443 "GET /tt-metal/latest/tt-metalium/tt_metal/apis/kernel_apis/data_movement/noc_async_write_multicast.html HTTP/1.1" 200 4188
15:21:36 INFO [593/2500] d=2 https://docs.tenstorrent.com/tt-metal/latest/tt-metalium/tt_metal/apis/kernel_apis/data_movement/noc_async_write_multicast_loopback_src.html
15:21:36 DEBUG https://docs.tenstorrent.com:443 "GET /tt-metal/latest/tt-metalium/tt_metal/apis/kernel_apis/data_movement/noc_async_read_one_packet_with_state.html HTTP/1.1" 200 3744
15:21:36 INFO [594/2500] d=2 https://docs.tenstorrent.com/tt-metal/latest/tt-metalium/tt_metal/apis/kernel_apis/data_movement/noc_async_write.html
15:21:36 INFO [595/2500] d=2 https://docs.tenstorrent.com/tt-metal/latest/tt-metalium/tt_metal/apis/kernel_apis/data_movement/noc_async_read_page.html
15:21:36 INFO [596/2500] d=2 https://docs.tenstorrent.com/tt-metal/latest/tt-metalium/tt_metal/apis/kernel_apis/data_movement/noc_async_read_shard.html
15:21:36 INFO [597/2500] d=2 https://docs.tenstorrent.com/tt-metal/latest/tt-metalium/tt_metal/apis/kernel_apis/data_movement/noc_async_write_multicast.html
15:21:36 INFO [598/2500] d=2 https://docs.tenstorrent.com/tt-metal/latest/tt-metalium/tt_metal/apis/kernel_apis/data_movement/noc_async_read_one_packet_with_state.html
15:21:37 DEBUG https://docs.tenstorrent.com:443 "GET /tt-metal/latest/tt-metalium/tt_metal/apis/kernel_apis/data_movement/noc_async_write_page.html HTTP/1.1" 200 4041
15:21:37 DEBUG https://docs.tenstorrent.com:443 "GET /tt-metal/latest/tt-metalium/tt_metal/apis/kernel_apis/data_movement/noc_async_write_one_packet_set_state.html HTTP/1.1" 200 3889
15:21:37 DEBUG https://docs.tenstorrent.com:443 "GET /tt-metal/latest/tt-metalium/tt_metal/apis/kernel_apis/data_movement/noc_async_write_shard.html HTTP/1.1" 200 3825
15:21:37 DEBUG https://docs.tenstorrent.com:443 "GET /tt-metal/latest/tt-metalium/tt_metal/apis/kernel_apis/data_movement/noc_async_write_one_packet.html HTTP/1.1" 200 3831
15:21:37 DEBUG https://docs.tenstorrent.com:443 "GET /tt-metal/latest/tt-metalium/tt_metal/apis/kernel_apis/data_movement/noc_async_write_one_packet_with_state.html HTTP/1.1" 200 3793
15:21:37 DEBUG https://docs.tenstorrent.com:443 "GET /tt-metal/latest/tt-metalium/tt_metal/apis/kernel_apis/data_movement/noc_async_write_multicast_one_packet.html HTTP/1.1" 200 3419
15:21:37 INFO [599/2500] d=2 https://docs.tenstorrent.com/tt-metal/latest/tt-metalium/tt_metal/apis/kernel_apis/data_movement/noc_async_write_page.html
15:21:37 INFO [600/2500] d=2 https://docs.tenstorrent.com/tt-metal/latest/tt-metalium/tt_metal/apis/kernel_apis/data_movement/noc_async_write_one_packet_set_state.html
15:21:37 INFO [601/2500] d=2 https://docs.tenstorrent.com/tt-metal/latest/tt-metalium/tt_metal/apis/kernel_apis/data_movement/noc_async_write_shard.html
15:21:37 INFO [602/2500] d=2 https://docs.tenstorrent.com/tt-metal/latest/tt-metalium/tt_metal/apis/kernel_apis/data_movement/noc_async_write_one_packet_with_state.html
15:21:37 INFO [603/2500] d=2 https://docs.tenstorrent.com/tt-metal/latest/tt-metalium/tt_metal/apis/kernel_apis/data_movement/noc_async_write_one_packet.html
15:21:37 INFO [604/2500] d=2 https://docs.tenstorrent.com/tt-metal/latest/tt-metalium/tt_metal/apis/kernel_apis/data_movement/noc_async_write_multicast_one_packet.html
15:21:37 DEBUG https://docs.tenstorrent.com:443 "GET /tt-metal/latest/tt-metalium/tt_metal/apis/kernel_apis/data_movement/noc_inline_dw_write.html HTTP/1.1" 200 4345
15:21:37 DEBUG https://docs.tenstorrent.com:443 "GET /tt-metal/latest/tt-metalium/tt_metal/apis/kernel_apis/data_movement/noc_inline_dw_write_with_state.html HTTP/1.1" 200 4186
15:21:37 DEBUG https://docs.tenstorrent.com:443 "GET /tt-metal/latest/tt-metalium/tt_metal/apis/kernel_apis/data_movement/noc_async_read_barrier.html HTTP/1.1" 200 3372
15:21:37 DEBUG https://docs.tenstorrent.com:443 "GET /tt-metal/latest/tt-metalium/tt_metal/apis/kernel_apis/data_movement/noc_async_atomic_barrier.html HTTP/1.1" 200 3365
15:21:37 DEBUG https://docs.tenstorrent.com:443 "GET /tt-metal/latest/tt-metalium/tt_metal/apis/kernel_apis/data_movement/noc_inline_dw_write_set_state.html HTTP/1.1" 200 4055
15:21:37 INFO [605/2500] d=2 https://docs.tenstorrent.com/tt-metal/latest/tt-metalium/tt_metal/apis/kernel_apis/data_movement/noc_inline_dw_write.html
15:21:37 DEBUG https://docs.tenstorrent.com:443 "GET /tt-metal/latest/tt-metalium/tt_metal/apis/kernel_apis/data_movement/noc_async_write_barrier.html HTTP/1.1" 200 3364
15:21:37 INFO [606/2500] d=2 https://docs.tenstorrent.com/tt-metal/latest/tt-metalium/tt_metal/apis/kernel_apis/data_movement/noc_inline_dw_write_with_state.html
15:21:37 INFO [607/2500] d=2 https://docs.tenstorrent.com/tt-metal/latest/tt-metalium/tt_metal/apis/kernel_apis/data_movement/noc_async_read_barrier.html
15:21:37 INFO [608/2500] d=2 https://docs.tenstorrent.com/tt-metal/latest/tt-metalium/tt_metal/apis/kernel_apis/data_movement/noc_async_atomic_barrier.html
15:21:37 INFO [609/2500] d=2 https://docs.tenstorrent.com/tt-metal/latest/tt-metalium/tt_metal/apis/kernel_apis/data_movement/noc_inline_dw_write_set_state.html
15:21:37 INFO [610/2500] d=2 https://docs.tenstorrent.com/tt-metal/latest/tt-metalium/tt_metal/apis/kernel_apis/data_movement/noc_async_write_barrier.html
15:21:38 DEBUG https://docs.tenstorrent.com:443 "GET /tt-metal/latest/tt-metalium/tt_metal/apis/kernel_apis/data_movement/get_semaphore.html HTTP/1.1" 200 3384
15:21:38 DEBUG https://docs.tenstorrent.com:443 "GET /tt-metal/latest/tt-metalium/tt_metal/apis/kernel_apis/data_movement/noc_async_posted_writes_flushed.html HTTP/1.1" 200 3351
15:21:38 DEBUG https://docs.tenstorrent.com:443 "GET /tt-metal/latest/tt-metalium/tt_metal/apis/kernel_apis/data_movement/noc_async_read_barrier_with_trid.html HTTP/1.1" 200 3443
15:21:38 DEBUG https://docs.tenstorrent.com:443 "GET /tt-metal/latest/tt-metalium/tt_metal/apis/kernel_apis/data_movement/noc_async_writes_flushed.html HTTP/1.1" 200 3354
15:21:38 DEBUG https://docs.tenstorrent.com:443 "GET /tt-metal/latest/tt-metalium/tt_metal/apis/kernel_apis/data_movement/noc_async_full_barrier.html HTTP/1.1" 200 3237
15:21:38 INFO [611/2500] d=2 https://docs.tenstorrent.com/tt-metal/latest/tt-metalium/tt_metal/apis/kernel_apis/data_movement/get_semaphore.html
15:21:38 DEBUG https://docs.tenstorrent.com:443 "GET /tt-metal/latest/tt-metalium/tt_metal/apis/kernel_apis/data_movement/noc_async_write_barrier_with_trid.html HTTP/1.1" 200 3444
15:21:38 INFO [612/2500] d=2 https://docs.tenstorrent.com/tt-metal/latest/tt-metalium/tt_metal/apis/kernel_apis/data_movement/noc_async_posted_writes_flushed.html
15:21:38 INFO [613/2500] d=2 https://docs.tenstorrent.com/tt-metal/latest/tt-metalium/tt_metal/apis/kernel_apis/data_movement/noc_async_read_barrier_with_trid.html
15:21:38 INFO [614/2500] d=2 https://docs.tenstorrent.com/tt-metal/latest/tt-metalium/tt_metal/apis/kernel_apis/data_movement/noc_async_writes_flushed.html
15:21:38 INFO [615/2500] d=2 https://docs.tenstorrent.com/tt-metal/latest/tt-metalium/tt_metal/apis/kernel_apis/data_movement/noc_async_full_barrier.html
15:21:38 INFO [616/2500] d=2 https://docs.tenstorrent.com/tt-metal/latest/tt-metalium/tt_metal/apis/kernel_apis/data_movement/noc_async_write_barrier_with_trid.html
15:21:38 DEBUG https://docs.tenstorrent.com:443 "GET /tt-metal/latest/tt-metalium/tt_metal/apis/kernel_apis/data_movement/noc_semaphore_set_multicast_loopback_src.html HTTP/1.1" 200 4005
15:21:38 DEBUG https://docs.tenstorrent.com:443 "GET /tt-metal/latest/tt-metalium/tt_metal/apis/kernel_apis/data_movement/noc_semaphore_set_multicast.html HTTP/1.1" 200 3950
15:21:38 INFO [617/2500] d=2 https://docs.tenstorrent.com/tt-metal/latest/tt-metalium/tt_metal/apis/kernel_apis/data_movement/noc_semaphore_set_multicast_loopback_src.html
15:21:38 DEBUG https://docs.tenstorrent.com:443 "GET /tt-metal/latest/tt-metalium/tt_metal/apis/kernel_apis/data_movement/noc_semaphore_inc.html HTTP/1.1" 200 3749
15:21:38 DEBUG https://docs.tenstorrent.com:443 "GET /tt-metal/latest/tt-metalium/tt_metal/apis/kernel_apis/data_movement/noc_semaphore_set_remote.html HTTP/1.1" 200 3574
15:21:38 DEBUG https://docs.tenstorrent.com:443 "GET /tt-metal/latest/tt-metalium/tt_metal/apis/kernel_apis/data_movement/noc_semaphore_set.html HTTP/1.1" 200 3426
15:21:38 DEBUG https://docs.tenstorrent.com:443 "GET /tt-metal/latest/tt-metalium/tt_metal/apis/kernel_apis/data_movement/noc_semaphore_wait.html HTTP/1.1" 200 3445
15:21:38 INFO [618/2500] d=2 https://docs.tenstorrent.com/tt-metal/latest/tt-metalium/tt_metal/apis/kernel_apis/data_movement/noc_semaphore_set_multicast.html
15:21:38 INFO [619/2500] d=2 https://docs.tenstorrent.com/tt-metal/latest/tt-metalium/tt_metal/apis/kernel_apis/data_movement/noc_semaphore_set_remote.html
15:21:38 INFO [620/2500] d=2 https://docs.tenstorrent.com/tt-metal/latest/tt-metalium/tt_metal/apis/kernel_apis/data_movement/noc_semaphore_inc.html
15:21:38 INFO [621/2500] d=2 https://docs.tenstorrent.com/tt-metal/latest/tt-metalium/tt_metal/apis/kernel_apis/data_movement/noc_semaphore_set.html
15:21:38 INFO [622/2500] d=2 https://docs.tenstorrent.com/tt-metal/latest/tt-metalium/tt_metal/apis/kernel_apis/data_movement/noc_semaphore_wait.html
15:21:38 DEBUG https://docs.tenstorrent.com:443 "GET /tt-metal/latest/tt-metalium/tt_metal/apis/kernel_apis/data_movement/get_noc_addr_from_bank_id.html HTTP/1.1" 200 3561
15:21:38 DEBUG https://docs.tenstorrent.com:443 "GET /tt-metal/latest/tt-metalium/tt_metal/apis/kernel_apis/data_movement/noc_semaphore_wait_min.html HTTP/1.1" 200 3456
15:21:38 DEBUG https://docs.tenstorrent.com:443 "GET /tt-metal/latest/tt-metalium/tt_metal/apis/kernel_apis/data_movement/ordering.html HTTP/1.1" 200 3691
15:21:38 DEBUG https://docs.tenstorrent.com:443 "GET /tt-metal/latest/tt-metalium/tt_metal/apis/kernel_apis/data_movement/get_noc_addr.html HTTP/1.1" 200 3443
15:21:38 DEBUG https://docs.tenstorrent.com:443 "GET /tt-metal/latest/tt-metalium/tt_metal/apis/kernel_apis/compute/compute.html HTTP/1.1" 200 5035
15:21:38 INFO [623/2500] d=2 https://docs.tenstorrent.com/tt-metal/latest/tt-metalium/tt_metal/apis/kernel_apis/data_movement/get_noc_addr_from_bank_id.html
15:21:38 DEBUG https://docs.tenstorrent.com:443 "GET /tt-metal/latest/tt-metalium/tt_metal/apis/kernel_apis/data_movement/get_noc_multicast_addr.html HTTP/1.1" 200 3529
15:21:38 INFO [624/2500] d=2 https://docs.tenstorrent.com/tt-metal/latest/tt-metalium/tt_metal/apis/kernel_apis/data_movement/noc_semaphore_wait_min.html
15:21:38 INFO [625/2500] d=2 https://docs.tenstorrent.com/tt-metal/latest/tt-metalium/tt_metal/apis/kernel_apis/data_movement/ordering.html
15:21:38 INFO [626/2500] d=2 https://docs.tenstorrent.com/tt-metal/latest/tt-metalium/tt_metal/apis/kernel_apis/data_movement/get_noc_addr.html
15:21:39 INFO [627/2500] d=2 https://docs.tenstorrent.com/tt-metal/latest/tt-metalium/tt_metal/apis/kernel_apis/compute/compute.html
15:21:39 INFO [628/2500] d=2 https://docs.tenstorrent.com/tt-metal/latest/tt-metalium/tt_metal/apis/kernel_apis/data_movement/get_noc_multicast_addr.html
15:21:39 DEBUG https://docs.tenstorrent.com:443 "GET /tt-metal/latest/tt-metalium/tt_metal/apis/kernel_apis/compute/acquire_dst.html HTTP/1.1" 200 3506
15:21:39 DEBUG https://docs.tenstorrent.com:443 "GET /tt-metal/latest/tt-metalium/tt_metal/apis/kernel_apis/compute/release_dst.html HTTP/1.1" 200 3460
15:21:39 DEBUG https://docs.tenstorrent.com:443 "GET /tt-metal/latest/tt-metalium/tt_metal/apis/kernel_apis/compute/binary_op_init_funcs.html HTTP/1.1" 200 3820
15:21:39 DEBUG https://docs.tenstorrent.com:443 "GET /tt-metal/latest/tt-metalium/tt_metal/apis/kernel_apis/compute/reg_api.html HTTP/1.1" 200 3471
15:21:39 INFO [629/2500] d=2 https://docs.tenstorrent.com/tt-metal/latest/tt-metalium/tt_metal/apis/kernel_apis/compute/acquire_dst.html
15:21:39 DEBUG https://docs.tenstorrent.com:443 "GET /tt-metal/latest/tt-metalium/tt_metal/apis/kernel_apis/compute/init_functions.html HTTP/1.1" 200 2999
15:21:39 DEBUG https://docs.tenstorrent.com:443 "GET /tt-metal/latest/tt-metalium/tt_metal/apis/kernel_apis/compute/add_tiles.html HTTP/1.1" 200 3824
15:21:39 INFO [630/2500] d=2 https://docs.tenstorrent.com/tt-metal/latest/tt-metalium/tt_metal/apis/kernel_apis/compute/release_dst.html
15:21:39 INFO [631/2500] d=2 https://docs.tenstorrent.com/tt-metal/latest/tt-metalium/tt_metal/apis/kernel_apis/compute/binary_op_init_funcs.html
15:21:39 INFO [632/2500] d=2 https://docs.tenstorrent.com/tt-metal/latest/tt-metalium/tt_metal/apis/kernel_apis/compute/reg_api.html
15:21:39 INFO [633/2500] d=2 https://docs.tenstorrent.com/tt-metal/latest/tt-metalium/tt_metal/apis/kernel_apis/compute/init_functions.html
15:21:39 INFO [634/2500] d=2 https://docs.tenstorrent.com/tt-metal/latest/tt-metalium/tt_metal/apis/kernel_apis/compute/add_tiles.html
15:21:39 DEBUG https://docs.tenstorrent.com:443 "GET /tt-metal/latest/tt-metalium/tt_metal/apis/kernel_apis/compute/sub_tiles.html HTTP/1.1" 200 3811
15:21:39 DEBUG https://docs.tenstorrent.com:443 "GET /tt-metal/latest/tt-metalium/tt_metal/apis/kernel_apis/compute/mul_tiles.html HTTP/1.1" 200 3732
15:21:39 DEBUG https://docs.tenstorrent.com:443 "GET /tt-metal/latest/tt-metalium/tt_metal/apis/kernel_apis/compute/mul_tiles_bcast.html HTTP/1.1" 200 3886
15:21:39 DEBUG https://docs.tenstorrent.com:443 "GET /tt-metal/latest/tt-metalium/tt_metal/apis/kernel_apis/compute/sub_tiles_bcast.html HTTP/1.1" 200 3693
15:21:39 DEBUG https://docs.tenstorrent.com:443 "GET /tt-metal/latest/tt-metalium/tt_metal/apis/kernel_apis/compute/matmul_tiles.html HTTP/1.1" 200 4193
15:21:39 DEBUG https://docs.tenstorrent.com:443 "GET /tt-metal/latest/tt-metalium/tt_metal/apis/kernel_apis/compute/add_tiles_bcast.html HTTP/1.1" 200 4678
15:21:39 INFO [635/2500] d=2 https://docs.tenstorrent.com/tt-metal/latest/tt-metalium/tt_metal/apis/kernel_apis/compute/sub_tiles.html
15:21:39 INFO [636/2500] d=2 https://docs.tenstorrent.com/tt-metal/latest/tt-metalium/tt_metal/apis/kernel_apis/compute/mul_tiles.html
15:21:39 INFO [637/2500] d=2 https://docs.tenstorrent.com/tt-metal/latest/tt-metalium/tt_metal/apis/kernel_apis/compute/mul_tiles_bcast.html
15:21:39 INFO [638/2500] d=2 https://docs.tenstorrent.com/tt-metal/latest/tt-metalium/tt_metal/apis/kernel_apis/compute/sub_tiles_bcast.html
15:21:40 INFO [639/2500] d=2 https://docs.tenstorrent.com/tt-metal/latest/tt-metalium/tt_metal/apis/kernel_apis/compute/matmul_tiles.html
15:21:40 INFO [640/2500] d=2 https://docs.tenstorrent.com/tt-metal/latest/tt-metalium/tt_metal/apis/kernel_apis/compute/add_tiles_bcast.html
15:21:40 DEBUG https://docs.tenstorrent.com:443 "GET /tt-metal/latest/tt-metalium/tt_metal/apis/kernel_apis/compute/matmul_block.html HTTP/1.1" 200 4555
15:21:40 DEBUG https://docs.tenstorrent.com:443 "GET /tt-metal/latest/tt-metalium/tt_metal/apis/kernel_apis/compute/reduce_tile.html HTTP/1.1" 200 5101
15:21:40 DEBUG https://docs.tenstorrent.com:443 "GET /tt-metal/latest/tt-metalium/tt_metal/apis/kernel_apis/compute/untilize.html HTTP/1.1" 200 4309
15:21:40 DEBUG https://docs.tenstorrent.com:443 "GET /tt-metal/latest/tt-metalium/tt_metal/apis/kernel_apis/compute/tilize.html HTTP/1.1" 200 4832
15:21:40 DEBUG https://docs.tenstorrent.com:443 "GET /tt-metal/latest/tt-metalium/tt_metal/apis/kernel_apis/compute/add_binary_tile.html HTTP/1.1" 200 3713
15:21:40 DEBUG https://docs.tenstorrent.com:443 "GET /tt-metal/latest/tt-metalium/tt_metal/apis/kernel_apis/compute/transpose_wh_tile.html HTTP/1.1" 200 3721
15:21:40 INFO [641/2500] d=2 https://docs.tenstorrent.com/tt-metal/latest/tt-metalium/tt_metal/apis/kernel_apis/compute/matmul_block.html
15:21:40 INFO [642/2500] d=2 https://docs.tenstorrent.com/tt-metal/latest/tt-metalium/tt_metal/apis/kernel_apis/compute/reduce_tile.html
15:21:40 INFO [643/2500] d=2 https://docs.tenstorrent.com/tt-metal/latest/tt-metalium/tt_metal/apis/kernel_apis/compute/untilize.html
15:21:40 INFO [644/2500] d=2 https://docs.tenstorrent.com/tt-metal/latest/tt-metalium/tt_metal/apis/kernel_apis/compute/tilize.html
15:21:40 INFO [645/2500] d=2 https://docs.tenstorrent.com/tt-metal/latest/tt-metalium/tt_metal/apis/kernel_apis/compute/add_binary_tile.html
15:21:40 INFO [646/2500] d=2 https://docs.tenstorrent.com/tt-metal/latest/tt-metalium/tt_metal/apis/kernel_apis/compute/transpose_wh_tile.html
15:21:41 DEBUG https://docs.tenstorrent.com:443 "GET /tt-metal/latest/tt-metalium/tt_metal/apis/kernel_apis/compute/mul_binary_tile.html HTTP/1.1" 200 3207
15:21:41 DEBUG https://docs.tenstorrent.com:443 "GET /tt-metal/latest/tt-metalium/tt_metal/apis/kernel_apis/compute/div_binary_tile.html HTTP/1.1" 200 3209
15:21:41 DEBUG https://docs.tenstorrent.com:443 "GET /tt-metal/latest/tt-metalium/tt_metal/apis/kernel_apis/compute/power_tile.html HTTP/1.1" 200 3591
15:21:41 DEBUG https://docs.tenstorrent.com:443 "GET /tt-metal/latest/tt-metalium/tt_metal/apis/kernel_apis/compute/sub_binary_tile.html HTTP/1.1" 200 3207
15:21:41 DEBUG https://docs.tenstorrent.com:443 "GET /tt-metal/latest/tt-metalium/tt_metal/apis/kernel_apis/compute/rsub_binary_tile.html HTTP/1.1" 200 3210
15:21:41 DEBUG https://docs.tenstorrent.com:443 "GET /tt-metal/latest/tt-metalium/tt_metal/apis/kernel_apis/compute/rsub_tile.html HTTP/1.1" 200 3606
15:21:41 INFO [647/2500] d=2 https://docs.tenstorrent.com/tt-metal/latest/tt-metalium/tt_metal/apis/kernel_apis/compute/div_binary_tile.html
15:21:41 INFO [648/2500] d=2 https://docs.tenstorrent.com/tt-metal/latest/tt-metalium/tt_metal/apis/kernel_apis/compute/mul_binary_tile.html
15:21:41 INFO [649/2500] d=2 https://docs.tenstorrent.com/tt-metal/latest/tt-metalium/tt_metal/apis/kernel_apis/compute/power_tile.html
15:21:41 INFO [650/2500] d=2 https://docs.tenstorrent.com/tt-metal/latest/tt-metalium/tt_metal/apis/kernel_apis/compute/sub_binary_tile.html
15:21:41 INFO [651/2500] d=2 https://docs.tenstorrent.com/tt-metal/latest/tt-metalium/tt_metal/apis/kernel_apis/compute/rsub_binary_tile.html
15:21:41 INFO [652/2500] d=2 https://docs.tenstorrent.com/tt-metal/latest/tt-metalium/tt_metal/apis/kernel_apis/compute/rsub_tile.html
15:21:41 DEBUG https://docs.tenstorrent.com:443 "GET /tt-metal/latest/tt-metalium/tt_metal/apis/kernel_apis/compute/square_tile.html HTTP/1.1" 200 3521
15:21:41 DEBUG https://docs.tenstorrent.com:443 "GET /tt-metal/latest/tt-metalium/tt_metal/apis/kernel_apis/compute/power_binary_tile.html HTTP/1.1" 200 3208
15:21:41 DEBUG https://docs.tenstorrent.com:443 "GET /tt-metal/latest/tt-metalium/tt_metal/apis/kernel_apis/compute/abs_tile.html HTTP/1.1" 200 3625
15:21:41 INFO [653/2500] d=2 https://docs.tenstorrent.com/tt-metal/latest/tt-metalium/tt_metal/apis/kernel_apis/compute/square_tile.html
15:21:41 DEBUG https://docs.tenstorrent.com:443 "GET /tt-metal/latest/tt-metalium/tt_metal/apis/kernel_apis/compute/sqrt_tile.html HTTP/1.1" 200 3600
15:21:41 DEBUG https://docs.tenstorrent.com:443 "GET /tt-metal/latest/tt-metalium/tt_metal/apis/kernel_apis/compute/rsqrt_tile.html HTTP/1.1" 200 3630
15:21:41 INFO [654/2500] d=2 https://docs.tenstorrent.com/tt-metal/latest/tt-metalium/tt_metal/apis/kernel_apis/compute/power_binary_tile.html
15:21:41 INFO [655/2500] d=2 https://docs.tenstorrent.com/tt-metal/latest/tt-metalium/tt_metal/apis/kernel_apis/compute/abs_tile.html
15:21:41 DEBUG https://docs.tenstorrent.com:443 "GET /tt-metal/latest/tt-metalium/tt_metal/apis/kernel_apis/compute/recip_tile.html HTTP/1.1" 200 3799
15:21:41 INFO [656/2500] d=2 https://docs.tenstorrent.com/tt-metal/latest/tt-metalium/tt_metal/apis/kernel_apis/compute/sqrt_tile.html
15:21:41 INFO [657/2500] d=2 https://docs.tenstorrent.com/tt-metal/latest/tt-metalium/tt_metal/apis/kernel_apis/compute/rsqrt_tile.html
15:21:41 INFO [658/2500] d=2 https://docs.tenstorrent.com/tt-metal/latest/tt-metalium/tt_metal/apis/kernel_apis/compute/recip_tile.html
15:21:42 DEBUG https://docs.tenstorrent.com:443 "GET /tt-metal/latest/tt-metalium/tt_metal/apis/kernel_apis/compute/add_int_tile.html HTTP/1.1" 200 3842
15:21:42 DEBUG https://docs.tenstorrent.com:443 "GET /tt-metal/latest/tt-metalium/tt_metal/apis/kernel_apis/compute/negative_tile.html HTTP/1.1" 200 3572
15:21:42 DEBUG https://docs.tenstorrent.com:443 "GET /tt-metal/latest/tt-metalium/tt_metal/apis/kernel_apis/compute/binop_with_scalar_tile.html HTTP/1.1" 200 3487
15:21:42 DEBUG https://docs.tenstorrent.com:443 "GET /tt-metal/latest/tt-metalium/tt_metal/apis/kernel_apis/compute/tiled_prod_tile.html HTTP/1.1" 200 3530
15:21:42 DEBUG https://docs.tenstorrent.com:443 "GET /tt-metal/latest/tt-metalium/tt_metal/apis/kernel_apis/compute/mul_int_tile.html HTTP/1.1" 200 3706
15:21:42 INFO [659/2500] d=2 https://docs.tenstorrent.com/tt-metal/latest/tt-metalium/tt_metal/apis/kernel_apis/compute/add_int_tile.html
15:21:42 DEBUG https://docs.tenstorrent.com:443 "GET /tt-metal/latest/tt-metalium/tt_metal/apis/kernel_apis/compute/sub_int_tile.html HTTP/1.1" 200 3845
15:21:42 INFO [660/2500] d=2 https://docs.tenstorrent.com/tt-metal/latest/tt-metalium/tt_metal/apis/kernel_apis/compute/negative_tile.html
15:21:42 INFO [661/2500] d=2 https://docs.tenstorrent.com/tt-metal/latest/tt-metalium/tt_metal/apis/kernel_apis/compute/tiled_prod_tile.html
15:21:42 INFO [662/2500] d=2 https://docs.tenstorrent.com/tt-metal/latest/tt-metalium/tt_metal/apis/kernel_apis/compute/binop_with_scalar_tile.html
15:21:42 INFO [663/2500] d=2 https://docs.tenstorrent.com/tt-metal/latest/tt-metalium/tt_metal/apis/kernel_apis/compute/mul_int_tile.html
15:21:42 INFO [664/2500] d=2 https://docs.tenstorrent.com/tt-metal/latest/tt-metalium/tt_metal/apis/kernel_apis/compute/sub_int_tile.html
15:21:42 DEBUG https://docs.tenstorrent.com:443 "GET /tt-metal/latest/tt-metalium/tt_metal/apis/kernel_apis/compute/remainder_tile.html HTTP/1.1" 200 3661
15:21:42 DEBUG https://docs.tenstorrent.com:443 "GET /tt-metal/latest/tt-metalium/tt_metal/apis/kernel_apis/compute/fmod_tile.html HTTP/1.1" 200 3659
15:21:42 DEBUG https://docs.tenstorrent.com:443 "GET /tt-metal/latest/tt-metalium/tt_metal/apis/kernel_apis/compute/rsub_int_tile.html HTTP/1.1" 200 3833
15:21:42 INFO [665/2500] d=2 https://docs.tenstorrent.com/tt-metal/latest/tt-metalium/tt_metal/apis/kernel_apis/compute/remainder_tile.html
15:21:42 DEBUG https://docs.tenstorrent.com:443 "GET /tt-metal/latest/tt-metalium/tt_metal/apis/kernel_apis/compute/lcm_tile.html HTTP/1.1" 200 3658
15:21:42 INFO [666/2500] d=2 https://docs.tenstorrent.com/tt-metal/latest/tt-metalium/tt_metal/apis/kernel_apis/compute/fmod_tile.html
15:21:42 INFO [667/2500] d=2 https://docs.tenstorrent.com/tt-metal/latest/tt-metalium/tt_metal/apis/kernel_apis/compute/rsub_int_tile.html
15:21:42 INFO [668/2500] d=2 https://docs.tenstorrent.com/tt-metal/latest/tt-metalium/tt_metal/apis/kernel_apis/compute/lcm_tile.html
15:21:42 DEBUG https://docs.tenstorrent.com:443 "GET /tt-metal/latest/tt-metalium/tt_metal/apis/kernel_apis/compute/exp_tile.html HTTP/1.1" 200 4251
15:21:42 DEBUG https://docs.tenstorrent.com:443 "GET /tt-metal/latest/tt-metalium/tt_metal/apis/kernel_apis/compute/gcd_tile.html HTTP/1.1" 200 3613
15:21:42 INFO [669/2500] d=2 https://docs.tenstorrent.com/tt-metal/latest/tt-metalium/tt_metal/apis/kernel_apis/compute/exp_tile.html
15:21:42 INFO [670/2500] d=2 https://docs.tenstorrent.com/tt-metal/latest/tt-metalium/tt_metal/apis/kernel_apis/compute/gcd_tile.html
15:21:43 DEBUG https://docs.tenstorrent.com:443 "GET /tt-metal/latest/tt-metalium/tt_metal/apis/kernel_apis/compute/log1p_tile.html HTTP/1.1" 200 3611
15:21:43 DEBUG https://docs.tenstorrent.com:443 "GET /tt-metal/latest/tt-metalium/tt_metal/apis/kernel_apis/compute/log_tile.html HTTP/1.1" 200 3671
15:21:43 DEBUG https://docs.tenstorrent.com:443 "GET /tt-metal/latest/tt-metalium/tt_metal/apis/kernel_apis/compute/log_with_base_tile.html HTTP/1.1" 200 3720
15:21:43 DEBUG https://docs.tenstorrent.com:443 "GET /tt-metal/latest/tt-metalium/tt_metal/apis/kernel_apis/compute/expm1_tile.html HTTP/1.1" 200 3606
15:21:43 DEBUG https://docs.tenstorrent.com:443 "GET /tt-metal/latest/tt-metalium/tt_metal/apis/kernel_apis/compute/xlogy_binary_tile.html HTTP/1.1" 200 3622
15:21:43 DEBUG https://docs.tenstorrent.com:443 "GET /tt-metal/latest/tt-metalium/tt_metal/apis/kernel_apis/compute/exp2_tile.html HTTP/1.1" 200 3522
15:21:43 INFO [671/2500] d=2 https://docs.tenstorrent.com/tt-metal/latest/tt-metalium/tt_metal/apis/kernel_apis/compute/log1p_tile.html
15:21:43 INFO [672/2500] d=2 https://docs.tenstorrent.com/tt-metal/latest/tt-metalium/tt_metal/apis/kernel_apis/compute/log_tile.html
15:21:43 INFO [673/2500] d=2 https://docs.tenstorrent.com/tt-metal/latest/tt-metalium/tt_metal/apis/kernel_apis/compute/log_with_base_tile.html
15:21:43 INFO [674/2500] d=2 https://docs.tenstorrent.com/tt-metal/latest/tt-metalium/tt_metal/apis/kernel_apis/compute/expm1_tile.html
15:21:43 INFO [675/2500] d=2 https://docs.tenstorrent.com/tt-metal/latest/tt-metalium/tt_metal/apis/kernel_apis/compute/xlogy_binary_tile.html
15:21:43 INFO [676/2500] d=2 https://docs.tenstorrent.com/tt-metal/latest/tt-metalium/tt_metal/apis/kernel_apis/compute/exp2_tile.html
15:21:43 DEBUG https://docs.tenstorrent.com:443 "GET /tt-metal/latest/tt-metalium/tt_metal/apis/kernel_apis/compute/unary_ge_tile.html HTTP/1.1" 200 3703
15:21:43 DEBUG https://docs.tenstorrent.com:443 "GET /tt-metal/latest/tt-metalium/tt_metal/apis/kernel_apis/compute/unary_lt_tile.html HTTP/1.1" 200 3711
15:21:43 DEBUG https://docs.tenstorrent.com:443 "GET /tt-metal/latest/tt-metalium/tt_metal/apis/kernel_apis/compute/unary_eq_tile.html HTTP/1.1" 200 3712
15:21:43 DEBUG https://docs.tenstorrent.com:443 "GET /tt-metal/latest/tt-metalium/tt_metal/apis/kernel_apis/compute/unary_ne_tile.html HTTP/1.1" 200 3705
15:21:43 DEBUG https://docs.tenstorrent.com:443 "GET /tt-metal/latest/tt-metalium/tt_metal/apis/kernel_apis/compute/unary_gt_tile.html HTTP/1.1" 200 3703
15:21:43 DEBUG https://docs.tenstorrent.com:443 "GET /tt-metal/latest/tt-metalium/tt_metal/apis/kernel_apis/compute/unary_le_tile.html HTTP/1.1" 200 3717
15:21:43 INFO [677/2500] d=2 https://docs.tenstorrent.com/tt-metal/latest/tt-metalium/tt_metal/apis/kernel_apis/compute/unary_ge_tile.html
15:21:43 INFO [678/2500] d=2 https://docs.tenstorrent.com/tt-metal/latest/tt-metalium/tt_metal/apis/kernel_apis/compute/unary_lt_tile.html
15:21:43 INFO [679/2500] d=2 https://docs.tenstorrent.com/tt-metal/latest/tt-metalium/tt_metal/apis/kernel_apis/compute/unary_eq_tile.html
15:21:43 INFO [680/2500] d=2 https://docs.tenstorrent.com/tt-metal/latest/tt-metalium/tt_metal/apis/kernel_apis/compute/unary_ne_tile.html
15:21:43 INFO [681/2500] d=2 https://docs.tenstorrent.com/tt-metal/latest/tt-metalium/tt_metal/apis/kernel_apis/compute/unary_gt_tile.html
15:21:43 INFO [682/2500] d=2 https://docs.tenstorrent.com/tt-metal/latest/tt-metalium/tt_metal/apis/kernel_apis/compute/unary_le_tile.html
15:21:44 DEBUG https://docs.tenstorrent.com:443 "GET /tt-metal/latest/tt-metalium/tt_metal/apis/kernel_apis/compute/unary_max_tile.html HTTP/1.1" 200 3708
15:21:44 DEBUG https://docs.tenstorrent.com:443 "GET /tt-metal/latest/tt-metalium/tt_metal/apis/kernel_apis/compute/unary_min_tile.html HTTP/1.1" 200 3698
15:21:44 DEBUG https://docs.tenstorrent.com:443 "GET /tt-metal/latest/tt-metalium/tt_metal/apis/kernel_apis/compute/binary_min_tile.html HTTP/1.1" 200 3816
15:21:44 DEBUG https://docs.tenstorrent.com:443 "GET /tt-metal/latest/tt-metalium/tt_metal/apis/kernel_apis/compute/ltz_tile.html HTTP/1.1" 200 3598
15:21:44 DEBUG https://docs.tenstorrent.com:443 "GET /tt-metal/latest/tt-metalium/tt_metal/apis/kernel_apis/compute/binary_max_tile.html HTTP/1.1" 200 3803
15:21:44 DEBUG https://docs.tenstorrent.com:443 "GET /tt-metal/latest/tt-metalium/tt_metal/apis/kernel_apis/compute/max_tile.html HTTP/1.1" 200 3768
15:21:44 INFO [683/2500] d=2 https://docs.tenstorrent.com/tt-metal/latest/tt-metalium/tt_metal/apis/kernel_apis/compute/unary_max_tile.html
15:21:44 INFO [684/2500] d=2 https://docs.tenstorrent.com/tt-metal/latest/tt-metalium/tt_metal/apis/kernel_apis/compute/unary_min_tile.html
15:21:44 INFO [685/2500] d=2 https://docs.tenstorrent.com/tt-metal/latest/tt-metalium/tt_metal/apis/kernel_apis/compute/binary_min_tile.html
15:21:44 INFO [686/2500] d=2 https://docs.tenstorrent.com/tt-metal/latest/tt-metalium/tt_metal/apis/kernel_apis/compute/ltz_tile.html
15:21:44 INFO [687/2500] d=2 https://docs.tenstorrent.com/tt-metal/latest/tt-metalium/tt_metal/apis/kernel_apis/compute/binary_max_tile.html
15:21:44 INFO [688/2500] d=2 https://docs.tenstorrent.com/tt-metal/latest/tt-metalium/tt_metal/apis/kernel_apis/compute/max_tile.html
15:21:44 DEBUG https://docs.tenstorrent.com:443 "GET /tt-metal/latest/tt-metalium/tt_metal/apis/kernel_apis/compute/gtz_tile.html HTTP/1.1" 200 3589
15:21:44 DEBUG https://docs.tenstorrent.com:443 "GET /tt-metal/latest/tt-metalium/tt_metal/apis/kernel_apis/compute/logical_not_unary_tile.html HTTP/1.1" 200 3667
15:21:44 DEBUG https://docs.tenstorrent.com:443 "GET /tt-metal/latest/tt-metalium/tt_metal/apis/kernel_apis/compute/eqz_tile.html HTTP/1.1" 200 3664
15:21:44 DEBUG https://docs.tenstorrent.com:443 "GET /tt-metal/latest/tt-metalium/tt_metal/apis/kernel_apis/compute/gez_tile.html HTTP/1.1" 200 3601
15:21:44 DEBUG https://docs.tenstorrent.com:443 "GET /tt-metal/latest/tt-metalium/tt_metal/apis/kernel_apis/compute/nez_tile.html HTTP/1.1" 200 3682
15:21:44 DEBUG https://docs.tenstorrent.com:443 "GET /tt-metal/latest/tt-metalium/tt_metal/apis/kernel_apis/compute/lez_tile.html HTTP/1.1" 200 3590
15:21:44 INFO [689/2500] d=2 https://docs.tenstorrent.com/tt-metal/latest/tt-metalium/tt_metal/apis/kernel_apis/compute/gtz_tile.html
15:21:44 INFO [690/2500] d=2 https://docs.tenstorrent.com/tt-metal/latest/tt-metalium/tt_metal/apis/kernel_apis/compute/logical_not_unary_tile.html
15:21:44 INFO [691/2500] d=2 https://docs.tenstorrent.com/tt-metal/latest/tt-metalium/tt_metal/apis/kernel_apis/compute/eqz_tile.html
15:21:44 INFO [692/2500] d=2 https://docs.tenstorrent.com/tt-metal/latest/tt-metalium/tt_metal/apis/kernel_apis/compute/gez_tile.html
15:21:44 INFO [693/2500] d=2 https://docs.tenstorrent.com/tt-metal/latest/tt-metalium/tt_metal/apis/kernel_apis/compute/nez_tile.html
15:21:44 INFO [694/2500] d=2 https://docs.tenstorrent.com/tt-metal/latest/tt-metalium/tt_metal/apis/kernel_apis/compute/lez_tile.html
15:21:45 DEBUG https://docs.tenstorrent.com:443 "GET /tt-metal/latest/tt-metalium/tt_metal/apis/kernel_apis/compute/bitwise_and_tile.html HTTP/1.1" 200 3637
15:21:45 DEBUG https://docs.tenstorrent.com:443 "GET /tt-metal/latest/tt-metalium/tt_metal/apis/kernel_apis/compute/heaviside_tile.html HTTP/1.1" 200 3630
15:21:45 DEBUG https://docs.tenstorrent.com:443 "GET /tt-metal/latest/tt-metalium/tt_metal/apis/kernel_apis/compute/bitwise_xor_tile.html HTTP/1.1" 200 3613
15:21:45 DEBUG https://docs.tenstorrent.com:443 "GET /tt-metal/latest/tt-metalium/tt_metal/apis/kernel_apis/compute/isinf_tile.html HTTP/1.1" 200 3967
15:21:45 INFO [695/2500] d=2 https://docs.tenstorrent.com/tt-metal/latest/tt-metalium/tt_metal/apis/kernel_apis/compute/bitwise_and_tile.html
15:21:45 DEBUG https://docs.tenstorrent.com:443 "GET /tt-metal/latest/tt-metalium/tt_metal/apis/kernel_apis/compute/isnan_tile.html HTTP/1.1" 200 3418
15:21:45 DEBUG https://docs.tenstorrent.com:443 "GET /tt-metal/latest/tt-metalium/tt_metal/apis/kernel_apis/compute/bitwise_or_tile.html HTTP/1.1" 200 3634
15:21:45 INFO [696/2500] d=2 https://docs.tenstorrent.com/tt-metal/latest/tt-metalium/tt_metal/apis/kernel_apis/compute/heaviside_tile.html
15:21:45 INFO [697/2500] d=2 https://docs.tenstorrent.com/tt-metal/latest/tt-metalium/tt_metal/apis/kernel_apis/compute/isinf_tile.html
15:21:45 INFO [698/2500] d=2 https://docs.tenstorrent.com/tt-metal/latest/tt-metalium/tt_metal/apis/kernel_apis/compute/bitwise_xor_tile.html
15:21:45 INFO [699/2500] d=2 https://docs.tenstorrent.com/tt-metal/latest/tt-metalium/tt_metal/apis/kernel_apis/compute/isnan_tile.html
15:21:45 INFO [700/2500] d=2 https://docs.tenstorrent.com/tt-metal/latest/tt-metalium/tt_metal/apis/kernel_apis/compute/bitwise_or_tile.html
15:21:45 DEBUG https://docs.tenstorrent.com:443 "GET /tt-metal/latest/tt-metalium/tt_metal/apis/kernel_apis/compute/bitwise_xor_binary_tile.html HTTP/1.1" 200 3226
15:21:45 DEBUG https://docs.tenstorrent.com:443 "GET /tt-metal/latest/tt-metalium/tt_metal/apis/kernel_apis/compute/bitwise_not_tile.html HTTP/1.1" 200 3555
15:21:45 INFO [701/2500] d=2 https://docs.tenstorrent.com/tt-metal/latest/tt-metalium/tt_metal/apis/kernel_apis/compute/bitwise_xor_binary_tile.html
15:21:45 DEBUG https://docs.tenstorrent.com:443 "GET /tt-metal/latest/tt-metalium/tt_metal/apis/kernel_apis/compute/bitwise_and_binary_tile.html HTTP/1.1" 200 3707
15:21:45 DEBUG https://docs.tenstorrent.com:443 "GET /tt-metal/latest/tt-metalium/tt_metal/apis/kernel_apis/compute/left_shift_tile.html HTTP/1.1" 200 3638
15:21:45 DEBUG https://docs.tenstorrent.com:443 "GET /tt-metal/latest/tt-metalium/tt_metal/apis/kernel_apis/compute/right_shift_tile.html HTTP/1.1" 200 3609
15:21:45 DEBUG https://docs.tenstorrent.com:443 "GET /tt-metal/latest/tt-metalium/tt_metal/apis/kernel_apis/compute/bitwise_or_binary_tile.html HTTP/1.1" 200 3225
15:21:45 INFO [702/2500] d=2 https://docs.tenstorrent.com/tt-metal/latest/tt-metalium/tt_metal/apis/kernel_apis/compute/bitwise_not_tile.html
15:21:45 INFO [703/2500] d=2 https://docs.tenstorrent.com/tt-metal/latest/tt-metalium/tt_metal/apis/kernel_apis/compute/bitwise_and_binary_tile.html
15:21:45 INFO [704/2500] d=2 https://docs.tenstorrent.com/tt-metal/latest/tt-metalium/tt_metal/apis/kernel_apis/compute/left_shift_tile.html
15:21:45 INFO [705/2500] d=2 https://docs.tenstorrent.com/tt-metal/latest/tt-metalium/tt_metal/apis/kernel_apis/compute/right_shift_tile.html
15:21:45 INFO [706/2500] d=2 https://docs.tenstorrent.com/tt-metal/latest/tt-metalium/tt_metal/apis/kernel_apis/compute/bitwise_or_binary_tile.html
15:21:46 DEBUG https://docs.tenstorrent.com:443 "GET /tt-metal/latest/tt-metalium/tt_metal/apis/kernel_apis/compute/binary_shift_tile.html HTTP/1.1" 200 4281
15:21:46 DEBUG https://docs.tenstorrent.com:443 "GET /tt-metal/latest/tt-metalium/tt_metal/apis/kernel_apis/compute/threshold_tile.html HTTP/1.1" 200 3587
15:21:46 DEBUG https://docs.tenstorrent.com:443 "GET /tt-metal/latest/tt-metalium/tt_metal/apis/kernel_apis/compute/signbit_tile.html HTTP/1.1" 200 3594
15:21:46 DEBUG https://docs.tenstorrent.com:443 "GET /tt-metal/latest/tt-metalium/tt_metal/apis/kernel_apis/compute/sign_tile.html HTTP/1.1" 200 3502
15:21:46 DEBUG https://docs.tenstorrent.com:443 "GET /tt-metal/latest/tt-metalium/tt_metal/apis/kernel_apis/compute/clamp_tile.html HTTP/1.1" 200 3573
15:21:46 DEBUG https://docs.tenstorrent.com:443 "GET /tt-metal/latest/tt-metalium/tt_metal/apis/kernel_apis/compute/round_tile.html HTTP/1.1" 200 4010
15:21:46 INFO [707/2500] d=2 https://docs.tenstorrent.com/tt-metal/latest/tt-metalium/tt_metal/apis/kernel_apis/compute/binary_shift_tile.html
15:21:46 INFO [708/2500] d=2 https://docs.tenstorrent.com/tt-metal/latest/tt-metalium/tt_metal/apis/kernel_apis/compute/threshold_tile.html
15:21:46 INFO [709/2500] d=2 https://docs.tenstorrent.com/tt-metal/latest/tt-metalium/tt_metal/apis/kernel_apis/compute/signbit_tile.html
15:21:46 INFO [710/2500] d=2 https://docs.tenstorrent.com/tt-metal/latest/tt-metalium/tt_metal/apis/kernel_apis/compute/sign_tile.html
15:21:46 INFO [711/2500] d=2 https://docs.tenstorrent.com/tt-metal/latest/tt-metalium/tt_metal/apis/kernel_apis/compute/round_tile.html
15:21:46 INFO [712/2500] d=2 https://docs.tenstorrent.com/tt-metal/latest/tt-metalium/tt_metal/apis/kernel_apis/compute/clamp_tile.html
15:21:46 DEBUG https://docs.tenstorrent.com:443 "GET /tt-metal/latest/tt-metalium/tt_metal/apis/kernel_apis/compute/asinh_tile.html HTTP/1.1" 200 3529
15:21:46 DEBUG https://docs.tenstorrent.com:443 "GET /tt-metal/latest/tt-metalium/tt_metal/apis/kernel_apis/compute/alt_complex_rotate90_tile.html HTTP/1.1" 200 3577
15:21:46 DEBUG https://docs.tenstorrent.com:443 "GET /tt-metal/latest/tt-metalium/tt_metal/apis/kernel_apis/compute/i0_tile.html HTTP/1.1" 200 3541
15:21:46 DEBUG https://docs.tenstorrent.com:443 "GET /tt-metal/latest/tt-metalium/tt_metal/apis/kernel_apis/compute/cumsum_tile.html HTTP/1.1" 200 3735
15:21:46 INFO [713/2500] d=2 https://docs.tenstorrent.com/tt-metal/latest/tt-metalium/tt_metal/apis/kernel_apis/compute/asinh_tile.html
15:21:46 DEBUG https://docs.tenstorrent.com:443 "GET /tt-metal/latest/tt-metalium/tt_metal/apis/kernel_apis/compute/atanh_tile.html HTTP/1.1" 200 3534
15:21:46 DEBUG https://docs.tenstorrent.com:443 "GET /tt-metal/latest/tt-metalium/tt_metal/apis/kernel_apis/compute/i1_tile.html HTTP/1.1" 200 3537
15:21:46 INFO [714/2500] d=2 https://docs.tenstorrent.com/tt-metal/latest/tt-metalium/tt_metal/apis/kernel_apis/compute/alt_complex_rotate90_tile.html
15:21:46 INFO [715/2500] d=2 https://docs.tenstorrent.com/tt-metal/latest/tt-metalium/tt_metal/apis/kernel_apis/compute/cumsum_tile.html
15:21:46 INFO [716/2500] d=2 https://docs.tenstorrent.com/tt-metal/latest/tt-metalium/tt_metal/apis/kernel_apis/compute/i0_tile.html
15:21:46 INFO [717/2500] d=2 https://docs.tenstorrent.com/tt-metal/latest/tt-metalium/tt_metal/apis/kernel_apis/compute/atanh_tile.html
15:21:46 INFO [718/2500] d=2 https://docs.tenstorrent.com/tt-metal/latest/tt-metalium/tt_metal/apis/kernel_apis/compute/i1_tile.html
15:21:47 DEBUG https://docs.tenstorrent.com:443 "GET /tt-metal/latest/tt-metalium/tt_metal/apis/kernel_apis/compute/erf_tile.html HTTP/1.1" 200 3609
15:21:47 DEBUG https://docs.tenstorrent.com:443 "GET /tt-metal/latest/tt-metalium/tt_metal/apis/kernel_apis/compute/tan_tile.html HTTP/1.1" 200 3523
15:21:47 DEBUG https://docs.tenstorrent.com:443 "GET /tt-metal/latest/tt-metalium/tt_metal/apis/kernel_apis/compute/compute_kernel_hw_startup.html HTTP/1.1" 200 4157
15:21:47 DEBUG https://docs.tenstorrent.com:443 "GET /tt-metal/latest/tt-metalium/tt_metal/apis/kernel_apis/compute/tanh_tile.html HTTP/1.1" 200 3745
15:21:47 DEBUG https://docs.tenstorrent.com:443 "GET /tt-metal/latest/tt-metalium/tt_metal/apis/kernel_apis/compute/erfinv_tile.html HTTP/1.1" 200 3524
15:21:47 INFO [719/2500] d=2 https://docs.tenstorrent.com/tt-metal/latest/tt-metalium/tt_metal/apis/kernel_apis/compute/erf_tile.html
15:21:47 INFO [720/2500] d=2 https://docs.tenstorrent.com/tt-metal/latest/tt-metalium/tt_metal/apis/kernel_apis/compute/tan_tile.html
15:21:47 INFO [721/2500] d=2 https://docs.tenstorrent.com/tt-metal/latest/tt-metalium/tt_metal/apis/kernel_apis/compute/compute_kernel_hw_startup.html
15:21:47 DEBUG https://docs.tenstorrent.com:443 "GET /tt-metal/latest/tt-metalium/tt_metal/apis/kernel_apis/compute/erfc_tile.html HTTP/1.1" 200 3600
15:21:47 INFO [722/2500] d=2 https://docs.tenstorrent.com/tt-metal/latest/tt-metalium/tt_metal/apis/kernel_apis/compute/tanh_tile.html
15:21:47 INFO [723/2500] d=2 https://docs.tenstorrent.com/tt-metal/latest/tt-metalium/tt_metal/apis/kernel_apis/compute/erfinv_tile.html
15:21:47 INFO [724/2500] d=2 https://docs.tenstorrent.com/tt-metal/latest/tt-metalium/tt_metal/apis/kernel_apis/compute/erfc_tile.html
15:21:47 DEBUG https://docs.tenstorrent.com:443 "GET /tt-metal/latest/tt-metalium/tt_metal/apis/kernel_apis/compute/acos_tile.html HTTP/1.1" 200 3515
15:21:47 DEBUG https://docs.tenstorrent.com:443 "GET /tt-metal/latest/tt-metalium/tt_metal/apis/kernel_apis/compute/asin_tile.html HTTP/1.1" 200 3516
15:21:47 DEBUG https://docs.tenstorrent.com:443 "GET /tt-metal/latest/tt-metalium/tt_metal/apis/kernel_apis/compute/acosh_tile.html HTTP/1.1" 200 3531
15:21:47 INFO [725/2500] d=2 https://docs.tenstorrent.com/tt-metal/latest/tt-metalium/tt_metal/apis/kernel_apis/compute/acos_tile.html
15:21:47 DEBUG https://docs.tenstorrent.com:443 "GET /tt-metal/latest/tt-metalium/tt_metal/apis/kernel_apis/compute/cos_tile.html HTTP/1.1" 200 3527
15:21:47 DEBUG https://docs.tenstorrent.com:443 "GET /tt-metal/latest/tt-metalium/tt_metal/apis/kernel_apis/compute/atan_tile.html HTTP/1.1" 200 3514
15:21:47 DEBUG https://docs.tenstorrent.com:443 "GET /tt-metal/latest/tt-metalium/tt_metal/apis/kernel_apis/compute/sin_tile.html HTTP/1.1" 200 3526
15:21:47 INFO [726/2500] d=2 https://docs.tenstorrent.com/tt-metal/latest/tt-metalium/tt_metal/apis/kernel_apis/compute/acosh_tile.html
15:21:47 INFO [727/2500] d=2 https://docs.tenstorrent.com/tt-metal/latest/tt-metalium/tt_metal/apis/kernel_apis/compute/asin_tile.html
15:21:47 INFO [728/2500] d=2 https://docs.tenstorrent.com/tt-metal/latest/tt-metalium/tt_metal/apis/kernel_apis/compute/atan_tile.html
15:21:47 INFO [729/2500] d=2 https://docs.tenstorrent.com/tt-metal/latest/tt-metalium/tt_metal/apis/kernel_apis/compute/cos_tile.html
15:21:47 INFO [730/2500] d=2 https://docs.tenstorrent.com/tt-metal/latest/tt-metalium/tt_metal/apis/kernel_apis/compute/sin_tile.html
15:21:47 DEBUG https://docs.tenstorrent.com:443 "GET /tt-metal/latest/tt-metalium/tt_metal/apis/kernel_apis/compute/sigmoid_tile.html HTTP/1.1" 200 3657
15:21:47 DEBUG https://docs.tenstorrent.com:443 "GET /tt-metal/latest/tt-metalium/tt_metal/apis/kernel_apis/compute/selu_tile.html HTTP/1.1" 200 3643
15:21:47 DEBUG https://docs.tenstorrent.com:443 "GET /tt-metal/latest/tt-metalium/tt_metal/apis/kernel_apis/compute/relu_tile.html HTTP/1.1" 200 4335
15:21:47 DEBUG https://docs.tenstorrent.com:443 "GET /tt-metal/latest/tt-metalium/tt_metal/apis/kernel_apis/compute/celu_tile.html HTTP/1.1" 200 3572
15:21:47 DEBUG https://docs.tenstorrent.com:443 "GET /tt-metal/latest/tt-metalium/tt_metal/apis/kernel_apis/compute/gelu_tile.html HTTP/1.1" 200 3644
15:21:47 INFO [731/2500] d=2 https://docs.tenstorrent.com/tt-metal/latest/tt-metalium/tt_metal/apis/kernel_apis/compute/sigmoid_tile.html
15:21:47 DEBUG https://docs.tenstorrent.com:443 "GET /tt-metal/latest/tt-metalium/tt_metal/apis/kernel_apis/compute/elu_tile.html HTTP/1.1" 200 3607
15:21:47 INFO [732/2500] d=2 https://docs.tenstorrent.com/tt-metal/latest/tt-metalium/tt_metal/apis/kernel_apis/compute/selu_tile.html
15:21:47 INFO [733/2500] d=2 https://docs.tenstorrent.com/tt-metal/latest/tt-metalium/tt_metal/apis/kernel_apis/compute/celu_tile.html
15:21:48 INFO [734/2500] d=2 https://docs.tenstorrent.com/tt-metal/latest/tt-metalium/tt_metal/apis/kernel_apis/compute/relu_tile.html
15:21:48 INFO [735/2500] d=2 https://docs.tenstorrent.com/tt-metal/latest/tt-metalium/tt_metal/apis/kernel_apis/compute/gelu_tile.html
15:21:48 INFO [736/2500] d=2 https://docs.tenstorrent.com/tt-metal/latest/tt-metalium/tt_metal/apis/kernel_apis/compute/elu_tile.html
15:21:48 DEBUG https://docs.tenstorrent.com:443 "GET /tt-metal/latest/tt-metalium/tt_metal/apis/kernel_apis/compute/prelu_tile.html HTTP/1.1" 200 3588
15:21:48 DEBUG https://docs.tenstorrent.com:443 "GET /tt-metal/latest/tt-metalium/tt_metal/apis/kernel_apis/compute/hardsigmoid_tile.html HTTP/1.1" 200 3507
15:21:48 DEBUG https://docs.tenstorrent.com:443 "GET /tt-metal/latest/tt-metalium/tt_metal/apis/kernel_apis/compute/softsign_tile.html HTTP/1.1" 200 3506
15:21:48 DEBUG https://docs.tenstorrent.com:443 "GET /tt-metal/latest/tt-metalium/tt_metal/apis/kernel_apis/compute/softplus_tile.html HTTP/1.1" 200 3731
15:21:48 DEBUG https://docs.tenstorrent.com:443 "GET /tt-metal/latest/tt-metalium/tt_metal/apis/kernel_apis/compute/hardtanh_tile.html HTTP/1.1" 200 3575
15:21:48 INFO [737/2500] d=2 https://docs.tenstorrent.com/tt-metal/latest/tt-metalium/tt_metal/apis/kernel_apis/compute/prelu_tile.html
15:21:48 DEBUG https://docs.tenstorrent.com:443 "GET /tt-metal/latest/tt-metalium/tt_metal/apis/kernel_apis/compute/silu_tile.html HTTP/1.1" 200 3528
15:21:48 INFO [738/2500] d=2 https://docs.tenstorrent.com/tt-metal/latest/tt-metalium/tt_metal/apis/kernel_apis/compute/hardsigmoid_tile.html
15:21:48 INFO [739/2500] d=2 https://docs.tenstorrent.com/tt-metal/latest/tt-metalium/tt_metal/apis/kernel_apis/compute/softplus_tile.html
15:21:48 INFO [740/2500] d=2 https://docs.tenstorrent.com/tt-metal/latest/tt-metalium/tt_metal/apis/kernel_apis/compute/softsign_tile.html
15:21:48 INFO [741/2500] d=2 https://docs.tenstorrent.com/tt-metal/latest/tt-metalium/tt_metal/apis/kernel_apis/compute/hardtanh_tile.html
15:21:48 INFO [742/2500] d=2 https://docs.tenstorrent.com/tt-metal/latest/tt-metalium/tt_metal/apis/kernel_apis/compute/silu_tile.html
15:21:48 DEBUG https://docs.tenstorrent.com:443 "GET /tt-metal/latest/tt-metalium/tt_metal/apis/kernel_apis/compute/addcmul_tile.html HTTP/1.1" 200 3843
15:21:48 DEBUG https://docs.tenstorrent.com:443 "GET /tt-metal/latest/tt-metalium/tt_metal/apis/kernel_apis/compute/identity_tile.html HTTP/1.1" 200 3560
15:21:48 DEBUG https://docs.tenstorrent.com:443 "GET /tt-metal/latest/tt-metalium/tt_metal/apis/kernel_apis/compute/where_tile.html HTTP/1.1" 200 3772
15:21:48 DEBUG https://docs.tenstorrent.com:443 "GET /tt-metal/latest/tt-metalium/tt_metal/apis/kernel_apis/compute/mask_tile.html HTTP/1.1" 200 3829
15:21:48 DEBUG https://docs.tenstorrent.com:443 "GET /tt-metal/latest/tt-metalium/tt_metal/apis/kernel_apis/compute/fill_tile.html HTTP/1.1" 200 3844
15:21:48 DEBUG https://docs.tenstorrent.com:443 "GET /tt-metal/latest/tt-metalium/tt_metal/apis/kernel_apis/compute/reshuffle_rows_tile.html HTTP/1.1" 200 3607
15:21:48 INFO [743/2500] d=2 https://docs.tenstorrent.com/tt-metal/latest/tt-metalium/tt_metal/apis/kernel_apis/compute/addcmul_tile.html
15:21:48 INFO [744/2500] d=2 https://docs.tenstorrent.com/tt-metal/latest/tt-metalium/tt_metal/apis/kernel_apis/compute/identity_tile.html
15:21:48 INFO [745/2500] d=2 https://docs.tenstorrent.com/tt-metal/latest/tt-metalium/tt_metal/apis/kernel_apis/compute/where_tile.html
15:21:48 INFO [746/2500] d=2 https://docs.tenstorrent.com/tt-metal/latest/tt-metalium/tt_metal/apis/kernel_apis/compute/mask_tile.html
15:21:49 INFO [747/2500] d=2 https://docs.tenstorrent.com/tt-metal/latest/tt-metalium/tt_metal/apis/kernel_apis/compute/fill_tile.html
15:21:49 INFO [748/2500] d=2 https://docs.tenstorrent.com/tt-metal/latest/tt-metalium/tt_metal/apis/kernel_apis/compute/reshuffle_rows_tile.html
15:21:49 DEBUG https://docs.tenstorrent.com:443 "GET /tt-metal/latest/tt-metalium/tt_metal/apis/kernel_apis/compute/dequant_tile.html HTTP/1.1" 200 3646
15:21:49 DEBUG https://docs.tenstorrent.com:443 "GET /tt-metal/latest/tt-metalium/tt_metal/apis/kernel_apis/compute/rand_tile.html HTTP/1.1" 200 3687
15:21:49 DEBUG https://docs.tenstorrent.com:443 "GET /tt-metal/latest/tt-metalium/tt_metal/apis/kernel_apis/compute/typecast_tile.html HTTP/1.1" 200 3736
15:21:49 DEBUG https://docs.tenstorrent.com:443 "GET /tt-metal/latest/tt-metalium/tt_metal/apis/kernel_apis/compute/quant_tile.html HTTP/1.1" 200 3634
15:21:49 DEBUG https://docs.tenstorrent.com:443 "GET /tt-metal/latest/tt-metalium/tt_metal/apis/kernel_apis/compute/dropout_tile.html HTTP/1.1" 200 3740
15:21:49 DEBUG https://docs.tenstorrent.com:443 "GET /tt-metal/latest/tt-metalium/tt_metal/apis/kernel_apis/compute/requant_tile.html HTTP/1.1" 200 3640
15:21:49 INFO [749/2500] d=2 https://docs.tenstorrent.com/tt-metal/latest/tt-metalium/tt_metal/apis/kernel_apis/compute/dequant_tile.html
15:21:49 INFO [750/2500] d=2 https://docs.tenstorrent.com/tt-metal/latest/tt-metalium/tt_metal/apis/kernel_apis/compute/rand_tile.html
15:21:49 INFO [751/2500] d=2 https://docs.tenstorrent.com/tt-metal/latest/tt-metalium/tt_metal/apis/kernel_apis/compute/typecast_tile.html
15:21:49 INFO [752/2500] d=2 https://docs.tenstorrent.com/tt-metal/latest/tt-metalium/tt_metal/apis/kernel_apis/compute/dropout_tile.html
15:21:49 INFO [753/2500] d=2 https://docs.tenstorrent.com/tt-metal/latest/tt-metalium/tt_metal/apis/kernel_apis/compute/quant_tile.html
15:21:49 INFO [754/2500] d=2 https://docs.tenstorrent.com/tt-metal/latest/tt-metalium/tt_metal/apis/kernel_apis/compute/requant_tile.html
15:21:49 DEBUG https://docs.tenstorrent.com:443 "GET /tt-metal/latest/tt-metalium/tt_metal/apis/kernel_apis/pack_unpack/reconfig_data_format.html HTTP/1.1" 200 3657
15:21:49 DEBUG https://docs.tenstorrent.com:443 "GET /tt-metal/latest/tt-metalium/tt_metal/apis/kernel_apis/pack_unpack/copy_tile.html HTTP/1.1" 200 4273
15:21:49 DEBUG https://docs.tenstorrent.com:443 "GET /tt-metal/latest/tt-metalium/tt_metal/apis/kernel_apis/pack_unpack/packing_apis.html HTTP/1.1" 200 3031
15:21:49 DEBUG https://docs.tenstorrent.com:443 "GET /tt-metal/latest/tt-metalium/tt_metal/apis/kernel_apis/sfpu/llk.html HTTP/1.1" 200 13694
15:21:49 DEBUG https://docs.tenstorrent.com:443 "GET /tt-metal/latest/tt-metalium/tt_metal/apis/kernel_apis/pack_unpack/pack_tile.html HTTP/1.1" 200 5756
15:21:49 DEBUG https://docs.tenstorrent.com:443 "GET /tt-metal/latest/tt-metalium/tt_metal/apis/kernel_apis/pack_unpack/pack_untilize.html HTTP/1.1" 200 6107
15:21:49 INFO [755/2500] d=2 https://docs.tenstorrent.com/tt-metal/latest/tt-metalium/tt_metal/apis/kernel_apis/pack_unpack/reconfig_data_format.html
15:21:49 INFO [756/2500] d=2 https://docs.tenstorrent.com/tt-metal/latest/tt-metalium/tt_metal/apis/kernel_apis/pack_unpack/copy_tile.html
15:21:50 INFO [757/2500] d=2 https://docs.tenstorrent.com/tt-metal/latest/tt-metalium/tt_metal/apis/kernel_apis/pack_unpack/packing_apis.html
15:21:50 INFO [758/2500] d=2 https://docs.tenstorrent.com/tt-metal/latest/tt-metalium/tt_metal/apis/kernel_apis/pack_unpack/pack_tile.html
15:21:50 INFO [759/2500] d=2 https://docs.tenstorrent.com/tt-metal/latest/tt-metalium/tt_metal/apis/kernel_apis/pack_unpack/pack_untilize.html
15:21:50 INFO [760/2500] d=2 https://docs.tenstorrent.com/tt-metal/latest/tt-metalium/tt_metal/apis/kernel_apis/sfpu/llk.html
15:21:50 DEBUG https://docs.tenstorrent.com:443 "GET /tt-metal/latest/tt-metalium/tools/tracy_profiler.html HTTP/1.1" 200 7384
15:21:50 DEBUG https://docs.tenstorrent.com:443 "GET /tt-metal/latest/tt-metalium/tools/lightweight_kernel_asserts.html HTTP/1.1" 200 3487
15:21:50 DEBUG https://docs.tenstorrent.com:443 "GET /tt-metal/latest/tt-metalium/tools/device_program_profiler.html HTTP/1.1" 200 7037
15:21:50 DEBUG https://docs.tenstorrent.com:443 "GET /tt-metal/latest/tt-metalium/tools/llk_asserts.html HTTP/1.1" 200 5991
15:21:50 DEBUG https://docs.tenstorrent.com:443 "GET /tt-metal/latest/tt-metalium/tools/kernel_print.html HTTP/1.1" 200 6552
15:21:50 DEBUG https://docs.tenstorrent.com:443 "GET /tt-metal/latest/tt-metalium/tools/watcher.html HTTP/1.1" 200 9621
15:21:50 INFO [761/2500] d=2 https://docs.tenstorrent.com/tt-metal/latest/tt-metalium/tools/tracy_profiler.html
15:21:50 INFO [762/2500] d=2 https://docs.tenstorrent.com/tt-metal/latest/tt-metalium/tools/lightweight_kernel_asserts.html
15:21:50 INFO [763/2500] d=2 https://docs.tenstorrent.com/tt-metal/latest/tt-metalium/tools/device_program_profiler.html
15:21:51 INFO [764/2500] d=2 https://docs.tenstorrent.com/tt-metal/latest/tt-metalium/tools/llk_asserts.html
15:21:51 INFO [765/2500] d=2 https://docs.tenstorrent.com/tt-metal/latest/tt-metalium/tools/kernel_print.html
15:21:51 INFO [766/2500] d=2 https://docs.tenstorrent.com/tt-metal/latest/tt-metalium/tools/watcher.html
15:21:51 DEBUG https://docs.tenstorrent.com:443 "GET /tt-blacksmith/ HTTP/1.1" 200 2645
15:21:51 DEBUG https://docs.tenstorrent.com:443 "GET /tt-metal/latest/tt-metalium/py-modindex.html HTTP/1.1" 404 5254
15:21:51 DEBUG https://docs.tenstorrent.com:443 "GET /forge/forge-backend-compiler/index.html HTTP/1.1" 200 5021
15:21:51 INFO [767/2500] d=2 https://docs.tenstorrent.com/tt-blacksmith/
15:21:51 WARNING skip https://docs.tenstorrent.com/tt-metal/latest/tt-metalium/py-modindex.html (http 404)
15:21:51 DEBUG https://docs.tenstorrent.com:443 "GET /forge/forge-frontend-compiler/index.html HTTP/1.1" 200 5184
15:21:51 DEBUG https://docs.tenstorrent.com:443 "GET /tt-metal/latest/tt-metalium/tools/triage.html HTTP/1.1" 200 3870
15:21:51 INFO [768/2500] d=2 https://docs.tenstorrent.com/forge/forge-backend-compiler/index.html
15:21:51 INFO [769/2500] d=2 https://docs.tenstorrent.com/forge/forge-frontend-compiler/index.html
15:21:51 INFO [770/2500] d=2 https://docs.tenstorrent.com/tt-metal/latest/tt-metalium/tools/triage.html
15:21:51 DEBUG https://docs.tenstorrent.com:443 "GET /tt-metal/latest/tt-metalium/tools/inspector.html HTTP/1.1" 200 5164
15:21:51 INFO [771/2500] d=2 https://docs.tenstorrent.com/tt-metal/latest/tt-metalium/tools/inspector.html
15:21:52 DEBUG https://docs.tenstorrent.com:443 "GET /tt-torch/ HTTP/1.1" 200 3463
15:21:52 INFO [772/2500] d=2 https://docs.tenstorrent.com/tt-torch/
15:21:52 DEBUG https://docs.tenstorrent.com:443 "GET /systems/t3000/support.html HTTP/1.1" 200 5439
15:21:52 DEBUG https://docs.tenstorrent.com:443 "GET /forge/tools/index.html HTTP/1.1" 200 4974
15:21:52 DEBUG https://docs.tenstorrent.com:443 "GET /tt-npe/ HTTP/1.1" 404 5254
15:21:52 DEBUG https://docs.tenstorrent.com:443 "GET /tt-xla/ HTTP/1.1" 200 7546
15:21:52 INFO [773/2500] d=2 https://docs.tenstorrent.com/systems/t3000/support.html
15:21:52 INFO [774/2500] d=2 https://docs.tenstorrent.com/forge/tools/index.html
15:21:52 WARNING skip https://docs.tenstorrent.com/tt-npe/ (http 404)
15:21:52 DEBUG https://docs.tenstorrent.com:443 "GET /tt-forge-onnx/ HTTP/1.1" 200 3423
15:21:52 INFO [775/2500] d=2 https://docs.tenstorrent.com/tt-xla/
15:21:52 INFO [776/2500] d=2 https://docs.tenstorrent.com/tt-forge-onnx/
15:21:52 DEBUG https://docs.tenstorrent.com:443 "GET /ttnn-visualizer/ HTTP/1.1" 200 2902
15:21:52 INFO [777/2500] d=2 https://docs.tenstorrent.com/ttnn-visualizer/
15:21:52 DEBUG https://docs.tenstorrent.com:443 "GET /aibs/wormhole/ack.html HTTP/1.1" 200 5701
15:21:52 DEBUG https://docs.tenstorrent.com:443 "GET /tt-vscode-toolkit HTTP/1.1" 301 162
15:21:52 DEBUG https://docs.tenstorrent.com:443 "GET /systems/quietbox/quietbox-bh-2/index.html HTTP/1.1" 200 5123
15:21:52 DEBUG https://docs.tenstorrent.com:443 "GET /systems/quietbox/quietbox-bh/index.html HTTP/1.1" 200 5022
15:21:52 DEBUG https://docs.tenstorrent.com:443 "GET /aibs/blackhole/installation.html HTTP/1.1" 200 6282
15:21:52 INFO [778/2500] d=2 https://docs.tenstorrent.com/aibs/wormhole/ack.html
15:21:52 INFO [779/2500] d=2 https://docs.tenstorrent.com/systems/quietbox/quietbox-bh-2/index.html
15:21:52 INFO [780/2500] d=2 https://docs.tenstorrent.com/systems/quietbox/quietbox-bh/index.html
15:21:52 INFO [781/2500] d=2 https://docs.tenstorrent.com/aibs/blackhole/installation.html
15:21:52 DEBUG https://docs.tenstorrent.com:443 "GET /tt-vscode-toolkit/ HTTP/1.1" 200 21651
15:21:52 INFO [782/2500] d=2 https://docs.tenstorrent.com/tt-vscode-toolkit
15:21:53 DEBUG https://docs.tenstorrent.com:443 "GET /aibs/blackhole/specifications.html HTTP/1.1" 200 7274
15:21:53 DEBUG https://docs.tenstorrent.com:443 "GET /systems/t7000/specifications.html HTTP/1.1" 200 5704
15:21:53 DEBUG https://docs.tenstorrent.com:443 "GET /aibs/blackhole/support.html HTTP/1.1" 200 7456
15:21:53 DEBUG https://docs.tenstorrent.com:443 "GET /systems/t7000/support.html HTTP/1.1" 200 4905
15:21:53 INFO [783/2500] d=2 https://docs.tenstorrent.com/systems/t7000/specifications.html
15:21:53 DEBUG https://docs.tenstorrent.com:443 "GET /systems/t7000/README.html HTTP/1.1" 200 4708
15:21:53 DEBUG https://docs.tenstorrent.com:443 "GET /aibs/compliance.html HTTP/1.1" 200 6895
15:21:53 INFO [784/2500] d=2 https://docs.tenstorrent.com/aibs/blackhole/specifications.html
15:21:53 INFO [785/2500] d=2 https://docs.tenstorrent.com/systems/t7000/support.html
15:21:53 INFO [786/2500] d=2 https://docs.tenstorrent.com/aibs/blackhole/support.html
15:21:53 INFO [787/2500] d=2 https://docs.tenstorrent.com/systems/t7000/README.html
15:21:53 INFO [788/2500] d=2 https://docs.tenstorrent.com/aibs/compliance.html
15:21:53 DEBUG https://docs.tenstorrent.com:443 "GET /systems/t1000/specifications.html HTTP/1.1" 200 5747
15:21:53 DEBUG https://docs.tenstorrent.com:443 "GET /aibs/wormhole/warp100.html HTTP/1.1" 200 5395
15:21:53 DEBUG https://docs.tenstorrent.com:443 "GET /aibs/wormhole/installation.html HTTP/1.1" 200 6049
15:21:53 DEBUG https://docs.tenstorrent.com:443 "GET /systems/t1000/README.html HTTP/1.1" 200 4716
15:21:53 DEBUG https://docs.tenstorrent.com:443 "GET /systems/t1000/support.html HTTP/1.1" 200 5069
15:21:53 INFO [789/2500] d=2 https://docs.tenstorrent.com/systems/t1000/specifications.html
15:21:53 DEBUG https://docs.tenstorrent.com:443 "GET /aibs/wormhole/specifications.html HTTP/1.1" 200 7223
15:21:53 INFO [790/2500] d=2 https://docs.tenstorrent.com/aibs/wormhole/warp100.html
15:21:53 INFO [791/2500] d=2 https://docs.tenstorrent.com/systems/t1000/README.html
15:21:53 INFO [792/2500] d=2 https://docs.tenstorrent.com/systems/t1000/support.html
15:21:53 INFO [793/2500] d=2 https://docs.tenstorrent.com/aibs/wormhole/installation.html
15:21:53 INFO [794/2500] d=2 https://docs.tenstorrent.com/aibs/wormhole/specifications.html
15:21:54 DEBUG https://docs.tenstorrent.com:443 "GET /tt-mlir/macos-ubuntu-vm.html HTTP/1.1" 200 5769
15:21:54 DEBUG https://docs.tenstorrent.com:443 "GET /tt-mlir/getting-started.html HTTP/1.1" 200 8968
15:21:54 DEBUG https://docs.tenstorrent.com:443 "GET /tt-mlir/testing.html HTTP/1.1" 200 4075
15:21:54 DEBUG https://docs.tenstorrent.com:443 "GET /tt-mlir/overview.html HTTP/1.1" 200 16178
15:21:54 INFO [795/2500] d=2 https://docs.tenstorrent.com/tt-mlir/macos-ubuntu-vm.html
15:21:54 DEBUG https://docs.tenstorrent.com:443 "GET /tt-mlir/lit-testing.html HTTP/1.1" 200 4234
15:21:54 DEBUG https://docs.tenstorrent.com:443 "GET /tt-mlir/docker-notes.html HTTP/1.1" 200 5691
15:21:54 INFO [796/2500] d=2 https://docs.tenstorrent.com/tt-mlir/testing.html
15:21:54 INFO [797/2500] d=2 https://docs.tenstorrent.com/tt-mlir/getting-started.html
15:21:54 INFO [798/2500] d=2 https://docs.tenstorrent.com/tt-mlir/lit-testing.html
15:21:54 INFO [799/2500] d=2 https://docs.tenstorrent.com/tt-mlir/docker-notes.html
15:21:54 INFO [800/2500] d=2 https://docs.tenstorrent.com/tt-mlir/overview.html
15:21:54 DEBUG https://docs.tenstorrent.com:443 "GET /tt-mlir/builder/ttir-builder.html HTTP/1.1" 200 12773
15:21:54 DEBUG https://docs.tenstorrent.com:443 "GET /tt-mlir/ttrt.html HTTP/1.1" 200 14751
15:21:54 DEBUG https://docs.tenstorrent.com:443 "GET /tt-mlir/ttmlir-translate.html HTTP/1.1" 200 4480
15:21:54 DEBUG https://docs.tenstorrent.com:443 "GET /tt-mlir/tools.html HTTP/1.1" 200 4560
15:21:54 DEBUG https://docs.tenstorrent.com:443 "GET /tt-mlir/emitc-testing.html HTTP/1.1" 200 4862
15:21:54 DEBUG https://docs.tenstorrent.com:443 "GET /tt-mlir/ttmlir-opt.html HTTP/1.1" 200 4208
15:21:54 INFO [801/2500] d=2 https://docs.tenstorrent.com/tt-mlir/builder/ttir-builder.html
15:21:54 INFO [802/2500] d=2 https://docs.tenstorrent.com/tt-mlir/ttmlir-translate.html
15:21:54 INFO [803/2500] d=2 https://docs.tenstorrent.com/tt-mlir/tools.html
15:21:54 INFO [804/2500] d=2 https://docs.tenstorrent.com/tt-mlir/emitc-testing.html
15:21:54 INFO [805/2500] d=2 https://docs.tenstorrent.com/tt-mlir/ttrt.html
15:21:54 INFO [806/2500] d=2 https://docs.tenstorrent.com/tt-mlir/ttmlir-opt.html
15:21:55 DEBUG https://docs.tenstorrent.com:443 "GET /tt-mlir/tt-explorer/ui.html HTTP/1.1" 200 5750
15:21:55 DEBUG https://docs.tenstorrent.com:443 "GET /tt-mlir/autogen/md/Module/builder/builder.html HTTP/1.1" 200 4023
15:21:55 DEBUG https://docs.tenstorrent.com:443 "GET /tt-mlir/builder/testing.html HTTP/1.1" 200 6516
15:21:55 DEBUG https://docs.tenstorrent.com:443 "GET /tt-mlir/builder/stablehlo-builder.html HTTP/1.1" 200 8371
15:21:55 DEBUG https://docs.tenstorrent.com:443 "GET /tt-mlir/builder/adding-a-ttir-op.html HTTP/1.1" 200 7318
15:21:55 DEBUG https://docs.tenstorrent.com:443 "GET /tt-mlir/tt-explorer/tt-explorer.html HTTP/1.1" 200 6354
15:21:55 INFO [807/2500] d=2 https://docs.tenstorrent.com/tt-mlir/tt-explorer/ui.html
15:21:55 INFO [808/2500] d=2 https://docs.tenstorrent.com/tt-mlir/autogen/md/Module/builder/builder.html
15:21:55 INFO [809/2500] d=2 https://docs.tenstorrent.com/tt-mlir/builder/testing.html
15:21:55 INFO [810/2500] d=2 https://docs.tenstorrent.com/tt-mlir/builder/adding-a-ttir-op.html
15:21:55 INFO [811/2500] d=2 https://docs.tenstorrent.com/tt-mlir/builder/stablehlo-builder.html
15:21:55 INFO [812/2500] d=2 https://docs.tenstorrent.com/tt-mlir/tt-explorer/tt-explorer.html
15:21:55 DEBUG https://docs.tenstorrent.com:443 "GET /tt-mlir/emitpy.html HTTP/1.1" 200 4689
15:21:55 INFO [813/2500] d=2 https://docs.tenstorrent.com/tt-mlir/emitpy.html
15:21:55 DEBUG https://docs.tenstorrent.com:443 "GET /tt-mlir/tt-explorer/architecture.html HTTP/1.1" 200 6815
15:21:55 DEBUG https://docs.tenstorrent.com:443 "GET /tt-mlir/tt-explorer/usage-api.html HTTP/1.1" 200 9844
15:21:55 DEBUG https://docs.tenstorrent.com:443 "GET /tt-mlir/tt-explorer/cli.html HTTP/1.1" 200 4787
15:21:55 DEBUG https://docs.tenstorrent.com:443 "GET /tt-mlir/ttnn-standalone.html HTTP/1.1" 200 4553
15:21:55 DEBUG https://docs.tenstorrent.com:443 "GET /tt-mlir/tt-alchemist.html HTTP/1.1" 200 5549
15:21:55 INFO [814/2500] d=2 https://docs.tenstorrent.com/tt-mlir/tt-explorer/architecture.html
15:21:55 INFO [815/2500] d=2 https://docs.tenstorrent.com/tt-mlir/tt-explorer/cli.html
15:21:55 INFO [816/2500] d=2 https://docs.tenstorrent.com/tt-mlir/ttnn-standalone.html
15:21:55 INFO [817/2500] d=2 https://docs.tenstorrent.com/tt-mlir/tt-explorer/usage-api.html
15:21:55 INFO [818/2500] d=2 https://docs.tenstorrent.com/tt-mlir/tt-alchemist.html
15:21:56 DEBUG https://docs.tenstorrent.com:443 "GET /tt-mlir/ttnn-bug-repros.html HTTP/1.1" 200 5955
15:21:56 DEBUG https://docs.tenstorrent.com:443 "GET /tt-mlir/python-bindings.html HTTP/1.1" 200 14064
15:21:56 DEBUG https://docs.tenstorrent.com:443 "GET /tt-mlir/flatbuffers.html HTTP/1.1" 200 4289
15:21:56 DEBUG https://docs.tenstorrent.com:443 "GET /tt-mlir/optimizer.html HTTP/1.1" 200 4913
15:21:56 INFO [819/2500] d=2 https://docs.tenstorrent.com/tt-mlir/ttnn-bug-repros.html
15:21:56 DEBUG https://docs.tenstorrent.com:443 "GET /tt-mlir/pykernel.html HTTP/1.1" 200 11739
15:21:56 DEBUG https://docs.tenstorrent.com:443 "GET /tt-mlir/ttnn-jit.html HTTP/1.1" 200 12392
15:21:56 INFO [820/2500] d=2 https://docs.tenstorrent.com/tt-mlir/flatbuffers.html
15:21:56 INFO [821/2500] d=2 https://docs.tenstorrent.com/tt-mlir/optimizer.html
15:21:56 INFO [822/2500] d=2 https://docs.tenstorrent.com/tt-mlir/python-bindings.html
15:21:56 INFO [823/2500] d=2 https://docs.tenstorrent.com/tt-mlir/pykernel.html
15:21:56 INFO [824/2500] d=2 https://docs.tenstorrent.com/tt-mlir/ttnn-jit.html
15:21:56 DEBUG https://docs.tenstorrent.com:443 "GET /tt-mlir/code-of-conduct.html HTTP/1.1" 200 6289
15:21:56 DEBUG https://docs.tenstorrent.com:443 "GET /tt-mlir/ci.html HTTP/1.1" 200 9609
15:21:56 DEBUG https://docs.tenstorrent.com:443 "GET /tt-mlir/dialects-overview.html HTTP/1.1" 200 4636
15:21:56 DEBUG https://docs.tenstorrent.com:443 "GET /tt-mlir/project-structure.html HTTP/1.1" 200 4783
15:21:56 DEBUG https://docs.tenstorrent.com:443 "GET /tt-mlir/llvm_dependency_update.html HTTP/1.1" 200 7584
15:21:56 DEBUG https://docs.tenstorrent.com:443 "GET /tt-mlir/additional-reading.html HTTP/1.1" 200 4714
15:21:56 INFO [825/2500] d=2 https://docs.tenstorrent.com/tt-mlir/code-of-conduct.html
15:21:56 INFO [826/2500] d=2 https://docs.tenstorrent.com/tt-mlir/dialects-overview.html
15:21:56 INFO [827/2500] d=2 https://docs.tenstorrent.com/tt-mlir/project-structure.html
15:21:56 INFO [828/2500] d=2 https://docs.tenstorrent.com/tt-mlir/ci.html
15:21:56 INFO [829/2500] d=2 https://docs.tenstorrent.com/tt-mlir/llvm_dependency_update.html
15:21:57 INFO [830/2500] d=2 https://docs.tenstorrent.com/tt-mlir/additional-reading.html
15:21:57 DEBUG https://docs.tenstorrent.com:443 "GET /tt-mlir/ttnn-dialect-guidelines.html HTTP/1.1" 200 6717
15:21:57 DEBUG https://docs.tenstorrent.com:443 "GET /tt-mlir/adding-an-op.html HTTP/1.1" 200 23926
15:21:57 DEBUG https://docs.tenstorrent.com:443 "GET /tt-mlir/guidelines.html HTTP/1.1" 200 4162
15:21:57 DEBUG https://docs.tenstorrent.com:443 "GET /tt-mlir/ttnn-op-constraints.html HTTP/1.1" 200 8809
15:21:57 DEBUG https://docs.tenstorrent.com:443 "GET /tt-mlir/decomposing-an-op-in-ttir.html HTTP/1.1" 200 7977
15:21:57 DEBUG https://docs.tenstorrent.com:443 "GET /tt-mlir/coding-guidelines.html HTTP/1.1" 200 9491
15:21:57 INFO [831/2500] d=2 https://docs.tenstorrent.com/tt-mlir/ttnn-dialect-guidelines.html
15:21:57 INFO [832/2500] d=2 https://docs.tenstorrent.com/tt-mlir/guidelines.html
15:21:57 INFO [833/2500] d=2 https://docs.tenstorrent.com/tt-mlir/ttnn-op-constraints.html
15:21:57 INFO [834/2500] d=2 https://docs.tenstorrent.com/tt-mlir/decomposing-an-op-in-ttir.html
15:21:57 INFO [835/2500] d=2 https://docs.tenstorrent.com/tt-mlir/coding-guidelines.html
15:21:57 INFO [836/2500] d=2 https://docs.tenstorrent.com/tt-mlir/adding-an-op.html
15:21:57 DEBUG https://docs.tenstorrent.com:443 "GET /tt-mlir/specs/tensor-layout.html HTTP/1.1" 200 10474
15:21:57 DEBUG https://docs.tenstorrent.com:443 "GET /tt-mlir/specs/runtime-stitching.html HTTP/1.1" 200 5512
15:21:57 DEBUG https://docs.tenstorrent.com:443 "GET /tt-mlir/specs/ttnn-optimizer.html HTTP/1.1" 200 21255
15:21:57 DEBUG https://docs.tenstorrent.com:443 "GET /tt-mlir/specs/specs.html HTTP/1.1" 200 4645
15:21:57 DEBUG https://docs.tenstorrent.com:443 "GET /tt-mlir/specs/device.html HTTP/1.1" 200 9955
15:21:57 DEBUG https://docs.tenstorrent.com:443 "GET /tt-mlir/docs.html HTTP/1.1" 200 4647
15:21:57 INFO [837/2500] d=2 https://docs.tenstorrent.com/tt-mlir/specs/tensor-layout.html
15:21:58 INFO [838/2500] d=2 https://docs.tenstorrent.com/tt-mlir/specs/runtime-stitching.html
15:21:58 INFO [839/2500] d=2 https://docs.tenstorrent.com/tt-mlir/specs/specs.html
15:21:58 INFO [840/2500] d=2 https://docs.tenstorrent.com/tt-mlir/specs/device.html
15:21:58 INFO [841/2500] d=2 https://docs.tenstorrent.com/tt-mlir/docs.html
15:21:58 INFO [842/2500] d=2 https://docs.tenstorrent.com/tt-mlir/specs/ttnn-optimizer.html
15:21:58 DEBUG https://docs.tenstorrent.com:443 "GET /tt-mlir/autogen/md/Dialect/TTCoreDialect.html HTTP/1.1" 200 4123
15:21:58 DEBUG https://docs.tenstorrent.com:443 "GET /tt-mlir/autogen/md/Dialect/D2MOp.html HTTP/1.1" 200 8795
15:21:58 DEBUG https://docs.tenstorrent.com:443 "GET /tt-mlir/autogen/md/Dialect/EmitPyOp.html HTTP/1.1" 200 9565
15:21:58 INFO [843/2500] d=2 https://docs.tenstorrent.com/tt-mlir/autogen/md/Dialect/TTCoreDialect.html
15:21:58 DEBUG https://docs.tenstorrent.com:443 "GET /tt-mlir/autogen/md/Dialect/D2MDialect.html HTTP/1.1" 200 4198
15:21:58 DEBUG https://docs.tenstorrent.com:443 "GET /tt-mlir/autogen/md/Dialect/TTCoreAttr.html HTTP/1.1" 200 10558
15:21:58 DEBUG https://docs.tenstorrent.com:443 "GET /tt-mlir/autogen/md/Dialect/EmitPyDialect.html HTTP/1.1" 200 4100
15:21:58 INFO [844/2500] d=2 https://docs.tenstorrent.com/tt-mlir/autogen/md/Dialect/D2MOp.html
15:21:58 INFO [845/2500] d=2 https://docs.tenstorrent.com/tt-mlir/autogen/md/Dialect/EmitPyOp.html
15:21:58 INFO [846/2500] d=2 https://docs.tenstorrent.com/tt-mlir/autogen/md/Dialect/D2MDialect.html
15:21:58 INFO [847/2500] d=2 https://docs.tenstorrent.com/tt-mlir/autogen/md/Dialect/EmitPyDialect.html
15:21:59 INFO [848/2500] d=2 https://docs.tenstorrent.com/tt-mlir/autogen/md/Dialect/TTCoreAttr.html
15:21:59 DEBUG https://docs.tenstorrent.com:443 "GET /tt-mlir/autogen/md/Dialect/TTCoreOp.html HTTP/1.1" 200 6879
15:21:59 DEBUG https://docs.tenstorrent.com:443 "GET /tt-mlir/autogen/md/Dialect/TTKernelAttr.html HTTP/1.1" 200 4832
15:21:59 DEBUG https://docs.tenstorrent.com:443 "GET /tt-mlir/autogen/md/Dialect/TTKernelDialect.html HTTP/1.1" 200 4204
15:21:59 DEBUG https://docs.tenstorrent.com:443 "GET /tt-mlir/autogen/md/Dialect/TTIRDialect.html HTTP/1.1" 200 4235
15:21:59 DEBUG https://docs.tenstorrent.com:443 "GET /tt-mlir/autogen/md/Dialect/TTIROp.html HTTP/1.1" 200 63943
15:21:59 DEBUG https://docs.tenstorrent.com:443 "GET /tt-mlir/autogen/md/Dialect/TTCoreType.html HTTP/1.1" 200 12966
15:21:59 INFO [849/2500] d=2 https://docs.tenstorrent.com/tt-mlir/autogen/md/Dialect/TTCoreOp.html
15:21:59 INFO [850/2500] d=2 https://docs.tenstorrent.com/tt-mlir/autogen/md/Dialect/TTKernelAttr.html
15:21:59 INFO [851/2500] d=2 https://docs.tenstorrent.com/tt-mlir/autogen/md/Dialect/TTIRDialect.html
15:21:59 INFO [852/2500] d=2 https://docs.tenstorrent.com/tt-mlir/autogen/md/Dialect/TTKernelDialect.html
15:21:59 INFO [853/2500] d=2 https://docs.tenstorrent.com/tt-mlir/autogen/md/Dialect/TTCoreType.html
15:22:00 INFO [854/2500] d=2 https://docs.tenstorrent.com/tt-mlir/autogen/md/Dialect/TTIROp.html
15:22:01 DEBUG https://docs.tenstorrent.com:443 "GET /tt-mlir/autogen/md/Dialect/TTMetalOp.html HTTP/1.1" 200 5814
15:22:01 DEBUG https://docs.tenstorrent.com:443 "GET /tt-mlir/autogen/md/Dialect/TTNNOp.html HTTP/1.1" 200 53787
15:22:01 DEBUG https://docs.tenstorrent.com:443 "GET /tt-mlir/autogen/md/Dialect/TTKernelType.html HTTP/1.1" 200 4823
15:22:01 DEBUG https://docs.tenstorrent.com:443 "GET /tt-mlir/autogen/md/Dialect/TTNNDialect.html HTTP/1.1" 200 4198
15:22:01 DEBUG https://docs.tenstorrent.com:443 "GET /tt-mlir/autogen/md/Dialect/TTMetalDialect.html HTTP/1.1" 200 4203
15:22:01 DEBUG https://docs.tenstorrent.com:443 "GET /tt-mlir/autogen/md/Dialect/TTKernelOp.html HTTP/1.1" 200 34459
15:22:01 INFO [855/2500] d=2 https://docs.tenstorrent.com/tt-mlir/autogen/md/Dialect/TTMetalOp.html
15:22:01 INFO [856/2500] d=2 https://docs.tenstorrent.com/tt-mlir/autogen/md/Dialect/TTKernelType.html
15:22:01 INFO [857/2500] d=2 https://docs.tenstorrent.com/tt-mlir/autogen/md/Dialect/TTNNDialect.html
15:22:01 INFO [858/2500] d=2 https://docs.tenstorrent.com/tt-mlir/autogen/md/Dialect/TTMetalDialect.html
15:22:03 INFO [859/2500] d=2 https://docs.tenstorrent.com/tt-mlir/autogen/md/Dialect/TTNNOp.html
15:22:04 INFO [860/2500] d=2 https://docs.tenstorrent.com/tt-mlir/autogen/md/Dialect/TTKernelOp.html
15:22:04 DEBUG https://docs.tenstorrent.com:443 "GET /systems/t3000/specifications.html HTTP/1.1" 200 6956
15:22:04 DEBUG https://docs.tenstorrent.com:443 "GET /aibs/grayskull/README.html HTTP/1.1" 200 4983
15:22:04 DEBUG https://docs.tenstorrent.com:443 "GET /aibs/grayskull/installation.html HTTP/1.1" 200 5763
15:22:04 DEBUG https://docs.tenstorrent.com:443 "GET /aibs/grayskull/specifications.html HTTP/1.1" 200 6550
15:22:04 DEBUG https://docs.tenstorrent.com:443 "GET /tt-mlir/print.html HTTP/1.1" 200 340286
15:22:04 DEBUG https://docs.tenstorrent.com:443 "GET /systems/quietbox/quietbox-wh/specifications.html HTTP/1.1" 200 7615
15:22:04 INFO [861/2500] d=2 https://docs.tenstorrent.com/aibs/grayskull/README.html
15:22:05 INFO [862/2500] d=2 https://docs.tenstorrent.com/systems/t3000/specifications.html
15:22:05 INFO [863/2500] d=2 https://docs.tenstorrent.com/aibs/grayskull/installation.html
15:22:05 INFO [864/2500] d=2 https://docs.tenstorrent.com/aibs/grayskull/specifications.html
15:22:05 INFO [865/2500] d=2 https://docs.tenstorrent.com/systems/quietbox/quietbox-wh/specifications.html
15:22:09 INFO [866/2500] d=2 https://docs.tenstorrent.com/tt-mlir/print.html
15:22:11 DEBUG https://docs.tenstorrent.com:443 "GET /ttnn-visualizer/src/what-is-ttnn-visualizer.html HTTP/1.1" 200 3167
15:22:11 DEBUG https://docs.tenstorrent.com:443 "GET /ttnn-visualizer/index.html HTTP/1.1" 200 2902
15:22:11 INFO [867/2500] d=3 https://docs.tenstorrent.com/ttnn-visualizer/src/what-is-ttnn-visualizer.html
15:22:11 DEBUG https://docs.tenstorrent.com:443 "GET /ttnn-visualizer/src/remote-sync.html HTTP/1.1" 200 5726
15:22:11 DEBUG https://docs.tenstorrent.com:443 "GET /ttnn-visualizer/src/running-from-source.html HTTP/1.1" 200 3147
15:22:11 DEBUG https://docs.tenstorrent.com:443 "GET /ttnn-visualizer/src/running-the-application.html HTTP/1.1" 200 3551
15:22:11 DEBUG https://docs.tenstorrent.com:443 "GET /ttnn-visualizer/src/linking-reports.html HTTP/1.1" 200 2277
15:22:11 INFO [868/2500] d=3 https://docs.tenstorrent.com/ttnn-visualizer/index.html
15:22:11 INFO [869/2500] d=3 https://docs.tenstorrent.com/ttnn-visualizer/src/remote-sync.html
15:22:11 INFO [870/2500] d=3 https://docs.tenstorrent.com/ttnn-visualizer/src/running-from-source.html
15:22:12 INFO [871/2500] d=3 https://docs.tenstorrent.com/ttnn-visualizer/src/running-the-application.html
15:22:12 INFO [872/2500] d=3 https://docs.tenstorrent.com/ttnn-visualizer/src/linking-reports.html
15:22:12 DEBUG https://docs.tenstorrent.com:443 "GET /ttnn-visualizer/src/support.html HTTP/1.1" 200 2426
15:22:12 DEBUG https://docs.tenstorrent.com:443 "GET /systems/quietbox/quietbox-bh-2/support-bh-2.html HTTP/1.1" 200 8966
15:22:12 DEBUG https://docs.tenstorrent.com:443 "GET /ttnn-visualizer/src/troubleshooting.html HTTP/1.1" 200 3518
15:22:12 DEBUG https://docs.tenstorrent.com:443 "GET /tt-metal/latest/tt-metalium/tt_metal/apis/ HTTP/1.1" 200 6399
15:22:12 INFO [873/2500] d=3 https://docs.tenstorrent.com/ttnn-visualizer/src/support.html
15:22:12 DEBUG https://docs.tenstorrent.com:443 "GET /systems/quietbox/quietbox-wh/setup.html HTTP/1.1" 200 8883
15:22:12 DEBUG https://docs.tenstorrent.com:443 "GET /systems/quietbox/common/support.html HTTP/1.1" 200 7523
15:22:12 INFO [874/2500] d=3 https://docs.tenstorrent.com/ttnn-visualizer/src/troubleshooting.html
15:22:12 INFO [875/2500] d=3 https://docs.tenstorrent.com/systems/quietbox/quietbox-bh-2/support-bh-2.html
15:22:12 INFO [876/2500] d=3 https://docs.tenstorrent.com/tt-metal/latest/tt-metalium/tt_metal/apis/
15:22:12 INFO [877/2500] d=3 https://docs.tenstorrent.com/systems/quietbox/quietbox-wh/setup.html
15:22:12 INFO [878/2500] d=3 https://docs.tenstorrent.com/systems/quietbox/common/support.html
15:22:13 DEBUG https://docs.tenstorrent.com:443 "GET /src/linking-reports.html HTTP/1.1" 404 5254
15:22:13 WARNING skip https://docs.tenstorrent.com/src/linking-reports.html (http 404)
15:22:13 DEBUG https://docs.tenstorrent.com:443 "GET /src/running-the-application.html HTTP/1.1" 404 5254
15:22:13 WARNING skip https://docs.tenstorrent.com/src/running-the-application.html (http 404)
15:22:13 DEBUG https://docs.tenstorrent.com:443 "GET /src/remote-sync.html HTTP/1.1" 404 5254
15:22:13 WARNING skip https://docs.tenstorrent.com/src/remote-sync.html (http 404)
15:22:13 DEBUG https://docs.tenstorrent.com:443 "GET /src/installing.html HTTP/1.1" 404 5254
15:22:13 DEBUG https://docs.tenstorrent.com:443 "GET /src/running-from-source.html HTTP/1.1" 404 5254
15:22:13 DEBUG https://docs.tenstorrent.com:443 "GET /src/what-is-ttnn-visualizer.html HTTP/1.1" 404 5254
15:22:13 WARNING skip https://docs.tenstorrent.com/src/installing.html (http 404)
15:22:13 WARNING skip https://docs.tenstorrent.com/src/running-from-source.html (http 404)
15:22:13 WARNING skip https://docs.tenstorrent.com/src/what-is-ttnn-visualizer.html (http 404)
15:22:13 DEBUG https://docs.tenstorrent.com:443 "GET /src/troubleshooting.html HTTP/1.1" 404 5254
15:22:13 WARNING skip https://docs.tenstorrent.com/src/troubleshooting.html (http 404)
15:22:13 DEBUG https://docs.tenstorrent.com:443 "GET /src/support.html HTTP/1.1" 404 5254
15:22:13 WARNING skip https://docs.tenstorrent.com/src/support.html (http 404)
15:22:13 DEBUG https://docs.tenstorrent.com:443 "GET /tt-metal/latest/tt-metalium/_images/tenstorrent-wormhole-dram-tile-connect-gddr.webp HTTP/1.1" 200 28158
15:22:13 DEBUG https://docs.tenstorrent.com:443 "GET /tt-metal/latest/tt-metalium/_images/tenstorrent-32x32tile-16x16face-structure.webp HTTP/1.1" 200 35490
15:22:13 WARNING skip https://docs.tenstorrent.com/tt-metal/latest/tt-metalium/_images/tenstorrent-32x32tile-16x16face-structure.webp (not-html (image/webp))
15:22:13 WARNING skip https://docs.tenstorrent.com/tt-metal/latest/tt-metalium/_images/tenstorrent-wormhole-dram-tile-connect-gddr.webp (not-html (image/webp))
15:22:13 DEBUG https://docs.tenstorrent.com:443 "GET /tt-metal/latest/tt-metalium/_images/tenstorrent-32x32tile-16x16face-memory-layout.webp HTTP/1.1" 200 33662
15:22:13 WARNING skip https://docs.tenstorrent.com/tt-metal/latest/tt-metalium/_images/tenstorrent-32x32tile-16x16face-memory-layout.webp (not-html (image/webp))
15:22:13 DEBUG https://docs.tenstorrent.com:443 "GET /tt-metal/latest/tt-metalium/_images/tenstorrent-wormhole-logical-noc-diagram.webp HTTP/1.1" 200 182218
15:22:13 WARNING skip https://docs.tenstorrent.com/tt-metal/latest/tt-metalium/_images/tenstorrent-wormhole-logical-noc-diagram.webp (not-html (image/webp))
15:22:13 DEBUG https://docs.tenstorrent.com:443 "GET /tt-metal/latest/tt-metalium/_images/tenstorrent-tile-memory-layout.webp HTTP/1.1" 200 54026
15:22:13 DEBUG https://docs.tenstorrent.com:443 "GET /tt-metal/latest/tt-metalium/_images/tenstorrent-interleaved-allocation-64-tiles-wh.webp HTTP/1.1" 200 32432
15:22:13 WARNING skip https://docs.tenstorrent.com/tt-metal/latest/tt-metalium/_images/tenstorrent-tile-memory-layout.webp (not-html (image/webp))
15:22:13 DEBUG https://docs.tenstorrent.com:443 "GET /tt-metal/latest/tt-metalium/_images/tenstorrent-row-major-memory-layout.webp HTTP/1.1" 200 30304
15:22:13 WARNING skip https://docs.tenstorrent.com/tt-metal/latest/tt-metalium/_images/tenstorrent-interleaved-allocation-64-tiles-wh.webp (not-html (image/webp))
15:22:13 DEBUG https://docs.tenstorrent.com:443 "GET /tt-metal/latest/tt-metalium/_images/tenstorrent-wormhole-interleaved-noc-path-congestion.webp HTTP/1.1" 200 194448
15:22:13 WARNING skip https://docs.tenstorrent.com/tt-metal/latest/tt-metalium/_images/tenstorrent-row-major-memory-layout.webp (not-html (image/webp))
15:22:13 WARNING skip https://docs.tenstorrent.com/tt-metal/latest/tt-metalium/_images/tenstorrent-wormhole-interleaved-noc-path-congestion.webp (not-html (image/webp))
15:22:13 DEBUG https://docs.tenstorrent.com:443 "GET /tt-metal/latest/tt-metalium/_images/tenstorrent-sfpu-fpu-dst-register-diagram-and-dataflow.webp HTTP/1.1" 200 81596
15:22:13 DEBUG https://docs.tenstorrent.com:443 "GET /tt-blacksmith/src/introduction.html HTTP/1.1" 200 2211
15:22:13 INFO [879/2500] d=3 https://docs.tenstorrent.com/tt-blacksmith/src/introduction.html
15:22:13 WARNING skip https://docs.tenstorrent.com/tt-metal/latest/tt-metalium/_images/tenstorrent-sfpu-fpu-dst-register-diagram-and-dataflow.webp (not-html (image/webp))
15:22:14 DEBUG https://docs.tenstorrent.com:443 "GET /tt-blacksmith/py-modindex.html HTTP/1.1" 404 5254
15:22:14 WARNING skip https://docs.tenstorrent.com/tt-blacksmith/py-modindex.html (http 404)
15:22:14 DEBUG https://docs.tenstorrent.com:443 "GET /tt-torch/getting_started.html HTTP/1.1" 200 4604
15:22:14 DEBUG https://docs.tenstorrent.com:443 "GET /tt-blacksmith/src/coding-guidelines.html HTTP/1.1" 200 8252
15:22:14 DEBUG https://docs.tenstorrent.com:443 "GET /tt-blacksmith/src/getting-started.html HTTP/1.1" 200 3916
15:22:14 DEBUG https://docs.tenstorrent.com:443 "GET /tt-blacksmith/src/experiments.html HTTP/1.1" 200 3822
15:22:14 INFO [880/2500] d=3 https://docs.tenstorrent.com/tt-torch/getting_started.html
15:22:14 DEBUG https://docs.tenstorrent.com:443 "GET /tt-torch/print.html HTTP/1.1" 200 106748
15:22:14 INFO [881/2500] d=3 https://docs.tenstorrent.com/tt-blacksmith/src/coding-guidelines.html
15:22:14 INFO [882/2500] d=3 https://docs.tenstorrent.com/tt-blacksmith/src/getting-started.html
15:22:14 INFO [883/2500] d=3 https://docs.tenstorrent.com/tt-blacksmith/src/experiments.html
15:22:25 INFO [884/2500] d=3 https://docs.tenstorrent.com/tt-torch/print.html
15:22:32 DEBUG https://docs.tenstorrent.com:443 "GET /tt-torch/controlling.html HTTP/1.1" 200 3656
15:22:32 DEBUG https://docs.tenstorrent.com:443 "GET /tt-torch/models/supported_models.html HTTP/1.1" 200 3607
15:22:32 DEBUG https://docs.tenstorrent.com:443 "GET /tt-xla/getting_started.html HTTP/1.1" 200 7546
15:22:32 DEBUG https://docs.tenstorrent.com:443 "GET /tt-torch/pre_-_commit.html HTTP/1.1" 404 2297
15:22:32 DEBUG https://docs.tenstorrent.com:443 "GET /tt-xla/getting_started_debugging.html HTTP/1.1" 200 5342
15:22:32 DEBUG https://docs.tenstorrent.com:443 "GET /tt-xla/performance.html HTTP/1.1" 200 6664
15:22:32 INFO [885/2500] d=3 https://docs.tenstorrent.com/tt-torch/controlling.html
15:22:32 INFO [886/2500] d=3 https://docs.tenstorrent.com/tt-torch/models/supported_models.html
15:22:32 WARNING skip https://docs.tenstorrent.com/tt-torch/pre_-_commit.html (http 404)
15:22:32 INFO [887/2500] d=3 https://docs.tenstorrent.com/tt-xla/getting_started.html
15:22:32 INFO [888/2500] d=3 https://docs.tenstorrent.com/tt-xla/getting_started_debugging.html
15:22:32 INFO [889/2500] d=3 https://docs.tenstorrent.com/tt-xla/performance.html
15:22:33 DEBUG https://docs.tenstorrent.com:443 "GET /tt-xla/mixed_precision.html HTTP/1.1" 200 5079
15:22:33 DEBUG https://docs.tenstorrent.com:443 "GET /tt-xla/fusing_and_composite_ops.html HTTP/1.1" 200 10796
15:22:33 DEBUG https://docs.tenstorrent.com:443 "GET /tt-xla/test_infra.html HTTP/1.1" 200 4869
15:22:33 DEBUG https://docs.tenstorrent.com:443 "GET /tt-xla/getting_started_codegen.html HTTP/1.1" 200 6714
15:22:33 DEBUG https://docs.tenstorrent.com:443 "GET /tt-xla/emitpy_tutorial.html HTTP/1.1" 200 6407
15:22:33 DEBUG https://docs.tenstorrent.com:443 "GET /tt-xla/model_auto_discovery_tests.html HTTP/1.1" 200 9361
15:22:33 INFO [890/2500] d=3 https://docs.tenstorrent.com/tt-xla/mixed_precision.html
15:22:33 INFO [891/2500] d=3 https://docs.tenstorrent.com/tt-xla/fusing_and_composite_ops.html
15:22:33 INFO [892/2500] d=3 https://docs.tenstorrent.com/tt-xla/test_infra.html
15:22:33 INFO [893/2500] d=3 https://docs.tenstorrent.com/tt-xla/emitpy_tutorial.html
15:22:33 INFO [894/2500] d=3 https://docs.tenstorrent.com/tt-xla/getting_started_codegen.html
15:22:33 INFO [895/2500] d=3 https://docs.tenstorrent.com/tt-xla/model_auto_discovery_tests.html
15:22:33 DEBUG https://docs.tenstorrent.com:443 "GET /tt-xla/troubleshooting_codegen.html HTTP/1.1" 200 4150
15:22:33 DEBUG https://docs.tenstorrent.com:443 "GET /tt-xla/tools.html HTTP/1.1" 200 3144
15:22:33 DEBUG https://docs.tenstorrent.com:443 "GET /tt-xla/tt_explorer.html HTTP/1.1" 200 4160
15:22:33 DEBUG https://docs.tenstorrent.com:443 "GET /tt-xla/print.html HTTP/1.1" 200 37808
15:22:33 INFO [896/2500] d=3 https://docs.tenstorrent.com/tt-xla/troubleshooting_codegen.html
15:22:33 DEBUG https://docs.tenstorrent.com:443 "GET /tt-xla/torch_xla_build.html HTTP/1.1" 200 4088
15:22:33 DEBUG https://docs.tenstorrent.com:443 "GET /tt-forge-onnx/introduction.html HTTP/1.1" 200 3423
15:22:33 INFO [897/2500] d=3 https://docs.tenstorrent.com/tt-xla/tools.html
15:22:33 INFO [898/2500] d=3 https://docs.tenstorrent.com/tt-xla/tt_explorer.html
15:22:33 INFO [899/2500] d=3 https://docs.tenstorrent.com/tt-xla/torch_xla_build.html
15:22:33 INFO [900/2500] d=3 https://docs.tenstorrent.com/tt-forge-onnx/introduction.html
15:22:34 INFO [901/2500] d=3 https://docs.tenstorrent.com/tt-xla/print.html
15:22:34 DEBUG https://docs.tenstorrent.com:443 "GET /tt-forge-onnx/getting_started_build_from_source.html HTTP/1.1" 200 7136
15:22:34 DEBUG https://docs.tenstorrent.com:443 "GET /tt-forge-onnx/getting_started.html HTTP/1.1" 200 5600
15:22:34 DEBUG https://docs.tenstorrent.com:443 "GET /tt-forge-onnx/pytest.html HTTP/1.1" 200 4483
15:22:34 DEBUG https://docs.tenstorrent.com:443 "GET /tt-forge-onnx/test.html HTTP/1.1" 200 5318
15:22:34 DEBUG https://docs.tenstorrent.com:443 "GET /tt-forge-onnx/architecture_overview.html HTTP/1.1" 200 3939
15:22:34 INFO [902/2500] d=3 https://docs.tenstorrent.com/tt-forge-onnx/getting_started_build_from_source.html
15:22:34 INFO [903/2500] d=3 https://docs.tenstorrent.com/tt-forge-onnx/pytest.html
15:22:34 DEBUG https://docs.tenstorrent.com:443 "GET /tt-forge-onnx/getting_started_docker.html HTTP/1.1" 200 5755
15:22:34 INFO [904/2500] d=3 https://docs.tenstorrent.com/tt-forge-onnx/getting_started.html
15:22:34 INFO [905/2500] d=3 https://docs.tenstorrent.com/tt-forge-onnx/test.html
15:22:34 INFO [906/2500] d=3 https://docs.tenstorrent.com/tt-forge-onnx/architecture_overview.html
15:22:34 INFO [907/2500] d=3 https://docs.tenstorrent.com/tt-forge-onnx/getting_started_docker.html
15:22:34 DEBUG https://docs.tenstorrent.com:443 "GET /tt-forge-onnx/docstring_standard.html HTTP/1.1" 200 5204
15:22:34 DEBUG https://docs.tenstorrent.com:443 "GET /tt-forge-onnx/perf.html HTTP/1.1" 200 4738
15:22:34 DEBUG https://docs.tenstorrent.com:443 "GET /tt-forge-onnx/dev_notes/verification.html HTTP/1.1" 200 4572
15:22:34 DEBUG https://docs.tenstorrent.com:443 "GET /tt-forge-onnx/operations.html HTTP/1.1" 200 13848
15:22:34 DEBUG https://docs.tenstorrent.com:443 "GET /tt-forge-onnx/dev_notes/standalone_ttir_run.html HTTP/1.1" 200 4004
15:22:34 DEBUG https://docs.tenstorrent.com:443 "GET /tt-forge-onnx/tools.html HTTP/1.1" 200 7048
15:22:34 INFO [908/2500] d=3 https://docs.tenstorrent.com/tt-forge-onnx/docstring_standard.html
15:22:34 INFO [909/2500] d=3 https://docs.tenstorrent.com/tt-forge-onnx/perf.html
15:22:35 INFO [910/2500] d=3 https://docs.tenstorrent.com/tt-forge-onnx/dev_notes/verification.html
15:22:35 INFO [911/2500] d=3 https://docs.tenstorrent.com/tt-forge-onnx/dev_notes/standalone_ttir_run.html
15:22:35 INFO [912/2500] d=3 https://docs.tenstorrent.com/tt-forge-onnx/tools.html
15:22:35 INFO [913/2500] d=3 https://docs.tenstorrent.com/tt-forge-onnx/operations.html
15:22:35 DEBUG https://docs.tenstorrent.com:443 "GET /systems/quietbox/quietbox-bh-2/specifications.html HTTP/1.1" 200 8966
15:22:35 DEBUG https://docs.tenstorrent.com:443 "GET /systems/quietbox/quietbox-bh/specifications.html HTTP/1.1" 200 7519
15:22:35 DEBUG https://docs.tenstorrent.com:443 "GET /tt-forge-onnx/print.html HTTP/1.1" 200 34414
15:22:35 DEBUG https://docs.tenstorrent.com:443 "GET /systems/quietbox/quietbox-bh-2/setup.html HTTP/1.1" 200 10267
15:22:35 DEBUG https://docs.tenstorrent.com:443 "GET /tt-forge/ HTTP/1.1" 200 3558
15:22:35 DEBUG https://docs.tenstorrent.com:443 "GET /systems/quietbox/quietbox-bh/setup.html HTTP/1.1" 200 8488
15:22:35 INFO [914/2500] d=3 https://docs.tenstorrent.com/systems/quietbox/quietbox-bh-2/specifications.html
15:22:35 INFO [915/2500] d=3 https://docs.tenstorrent.com/systems/quietbox/quietbox-bh/specifications.html
15:22:35 INFO [916/2500] d=3 https://docs.tenstorrent.com/systems/quietbox/quietbox-bh-2/setup.html
15:22:36 INFO [917/2500] d=3 https://docs.tenstorrent.com/systems/quietbox/quietbox-bh/setup.html
15:22:36 INFO [918/2500] d=3 https://docs.tenstorrent.com/tt-forge/
15:22:36 INFO [919/2500] d=3 https://docs.tenstorrent.com/tt-forge-onnx/print.html
15:22:37 DEBUG https://docs.tenstorrent.com:443 "GET /tt-vscode-toolkit/lessons/coding-assistant/ HTTP/1.1" 200 18442
15:22:37 DEBUG https://docs.tenstorrent.com:443 "GET /tt-vscode-toolkit/lessons/tt-installer/ HTTP/1.1" 200 23076
15:22:37 DEBUG https://docs.tenstorrent.com:443 "GET /tt-vscode-toolkit/about-extension/ HTTP/1.1" 200 17774
15:22:37 DEBUG https://docs.tenstorrent.com:443 "GET /tt-vscode-toolkit/lessons/tt-inference-server/ HTTP/1.1" 200 23631
15:22:37 DEBUG https://docs.tenstorrent.com:443 "GET /tt-vscode-toolkit/lessons/cookbook-overview/ HTTP/1.1" 200 17125
15:22:37 DEBUG https://docs.tenstorrent.com:443 "GET /tt-vscode-toolkit/lessons/ HTTP/1.1" 200 20055
15:22:37 INFO [920/2500] d=3 https://docs.tenstorrent.com/tt-vscode-toolkit/lessons/coding-assistant/
15:22:37 INFO [921/2500] d=3 https://docs.tenstorrent.com/tt-vscode-toolkit/about-extension/
15:22:37 INFO [922/2500] d=3 https://docs.tenstorrent.com/tt-vscode-toolkit/lessons/tt-installer/
15:22:37 INFO [923/2500] d=3 https://docs.tenstorrent.com/tt-vscode-toolkit/lessons/cookbook-overview/
15:22:37 INFO [924/2500] d=3 https://docs.tenstorrent.com/tt-vscode-toolkit/lessons/tt-inference-server/
15:22:37 INFO [925/2500] d=3 https://docs.tenstorrent.com/tt-vscode-toolkit/lessons/
15:22:37 DEBUG https://docs.tenstorrent.com:443 "GET /tt-vscode-toolkit/lessons/cs-fundamentals-01-computer/ HTTP/1.1" 200 25489
15:22:37 DEBUG https://docs.tenstorrent.com:443 "GET /tt-vscode-toolkit/lessons/explore-metalium/ HTTP/1.1" 200 22061
15:22:37 DEBUG https://docs.tenstorrent.com:443 "GET /tt-vscode-toolkit/faq/ HTTP/1.1" 200 31798
15:22:37 DEBUG https://docs.tenstorrent.com:443 "GET /tt-vscode-toolkit/lessons/ct1-understanding-training/ HTTP/1.1" 200 22613
15:22:37 DEBUG https://docs.tenstorrent.com:443 "GET /tt-vscode-toolkit/lessons/forge-image-classification/ HTTP/1.1" 200 19221
15:22:37 DEBUG https://docs.tenstorrent.com:443 "GET /tt-vscode-toolkit/lessons/deploy-vscode-to-koyeb/ HTTP/1.1" 200 19309
15:22:37 INFO [926/2500] d=3 https://docs.tenstorrent.com/tt-vscode-toolkit/lessons/explore-metalium/
15:22:38 INFO [927/2500] d=3 https://docs.tenstorrent.com/tt-vscode-toolkit/faq/
15:22:38 INFO [928/2500] d=3 https://docs.tenstorrent.com/tt-vscode-toolkit/lessons/forge-image-classification/
15:22:38 INFO [929/2500] d=3 https://docs.tenstorrent.com/tt-vscode-toolkit/lessons/cs-fundamentals-01-computer/
15:22:38 INFO [930/2500] d=3 https://docs.tenstorrent.com/tt-vscode-toolkit/lessons/deploy-vscode-to-koyeb/
15:22:38 INFO [931/2500] d=3 https://docs.tenstorrent.com/tt-vscode-toolkit/lessons/ct1-understanding-training/
15:22:38 DEBUG https://docs.tenstorrent.com:443 "GET /tt-mlir/.github/workflows/docker-build.yml HTTP/1.1" 404 3945
15:22:38 WARNING skip https://docs.tenstorrent.com/tt-mlir/.github/workflows/docker-build.yml (http 404)
15:22:38 DEBUG https://docs.tenstorrent.com:443 "GET /tt-mlir/.github/Dockerfile.base HTTP/1.1" 404 3945
15:22:38 WARNING skip https://docs.tenstorrent.com/tt-mlir/.github/Dockerfile.base (http 404)
15:22:38 DEBUG https://docs.tenstorrent.com:443 "GET /tt-mlir/.github/Dockerfile.ci HTTP/1.1" 404 3945
15:22:38 WARNING skip https://docs.tenstorrent.com/tt-mlir/.github/Dockerfile.ci (http 404)
15:22:38 DEBUG https://docs.tenstorrent.com:443 "GET /tt-mlir/.github/workflows/build-image.yml HTTP/1.1" 404 3945
15:22:38 WARNING skip https://docs.tenstorrent.com/tt-mlir/.github/workflows/build-image.yml (http 404)
15:22:38 DEBUG https://docs.tenstorrent.com:443 "GET /tt-mlir/getting-started HTTP/1.1" 200 8968
15:22:38 DEBUG https://docs.tenstorrent.com:443 "GET /tt-mlir/.github/Dockerfile.ird HTTP/1.1" 404 3945
15:22:38 INFO [932/2500] d=3 https://docs.tenstorrent.com/tt-mlir/getting-started
15:22:38 WARNING skip https://docs.tenstorrent.com/tt-mlir/.github/Dockerfile.ird (http 404)
15:22:39 DEBUG https://docs.tenstorrent.com:443 "GET /tt-mlir/builder/tt-explorer/tt-explorer.html HTTP/1.1" 404 3945
15:22:39 WARNING skip https://docs.tenstorrent.com/tt-mlir/builder/tt-explorer/tt-explorer.html (http 404)
15:22:39 DEBUG https://docs.tenstorrent.com:443 "GET /tt-mlir/builder/getting-started.html HTTP/1.1" 404 3945
15:22:39 DEBUG https://docs.tenstorrent.com:443 "GET /tt-mlir/builder/ttrt.html HTTP/1.1" 404 3945
15:22:39 WARNING skip https://docs.tenstorrent.com/tt-mlir/builder/getting-started.html (http 404)
15:22:39 WARNING skip https://docs.tenstorrent.com/tt-mlir/builder/ttrt.html (http 404)
15:22:39 DEBUG https://docs.tenstorrent.com:443 "GET /tt-mlir/builder/ttnn-standalone.html HTTP/1.1" 404 3945
15:22:39 WARNING skip https://docs.tenstorrent.com/tt-mlir/builder/ttnn-standalone.html (http 404)
15:22:39 DEBUG https://docs.tenstorrent.com:443 "GET /tt-mlir/builder/ttmlir-opt.html HTTP/1.1" 404 3945
15:22:39 WARNING skip https://docs.tenstorrent.com/tt-mlir/builder/ttmlir-opt.html (http 404)
15:22:39 DEBUG https://docs.tenstorrent.com:443 "GET /tt-mlir/builder/ttmlir-translate.html HTTP/1.1" 404 3945
15:22:39 WARNING skip https://docs.tenstorrent.com/tt-mlir/builder/ttmlir-translate.html (http 404)
15:22:39 DEBUG https://docs.tenstorrent.com:443 "GET /tt-mlir/builder/lit-testing.html HTTP/1.1" 404 3945
15:22:39 DEBUG https://docs.tenstorrent.com:443 "GET /tt-mlir/ttir-builder/ttir-builder.html HTTP/1.1" 404 3945
15:22:39 DEBUG https://docs.tenstorrent.com:443 "GET /test/ttnn-jit/demo/test_cosh.py HTTP/1.1" 404 5254
15:22:39 WARNING skip https://docs.tenstorrent.com/tt-mlir/builder/lit-testing.html (http 404)
15:22:39 WARNING skip https://docs.tenstorrent.com/tt-mlir/ttir-builder/ttir-builder.html (http 404)
15:22:39 WARNING skip https://docs.tenstorrent.com/test/ttnn-jit/demo/test_cosh.py (http 404)
15:22:39 DEBUG https://docs.tenstorrent.com:443 "GET /tools/tt-alchemist/include/tt-alchemist/tt_alchemist_c_api.hpp HTTP/1.1" 404 5254
15:22:39 WARNING skip https://docs.tenstorrent.com/tools/tt-alchemist/include/tt-alchemist/tt_alchemist_c_api.hpp (http 404)
15:22:39 DEBUG https://docs.tenstorrent.com:443 "GET /test/ttnn-jit/ HTTP/1.1" 404 5254
15:22:39 WARNING skip https://docs.tenstorrent.com/test/ttnn-jit/ (http 404)
15:22:39 DEBUG https://docs.tenstorrent.com:443 "GET /test/ttnn-jit/test_program_cache.py HTTP/1.1" 404 5254
15:22:39 WARNING skip https://docs.tenstorrent.com/test/ttnn-jit/test_program_cache.py (http 404)
15:22:39 DEBUG https://docs.tenstorrent.com:443 "GET /tt-mlir/autogen/md/Dialect/MemRef.html HTTP/1.1" 404 3945
15:22:39 DEBUG https://docs.tenstorrent.com:443 "GET /include/ttmlir/Dialect/TTNN/IR/TTNNOps.td HTTP/1.1" 404 5254
15:22:39 DEBUG https://docs.tenstorrent.com:443 "GET /tt-mlir/specs/tensor-layout-interactive.html HTTP/1.1" 200 2714
15:22:39 WARNING skip https://docs.tenstorrent.com/tt-mlir/autogen/md/Dialect/MemRef.html (http 404)
15:22:39 INFO [933/2500] d=3 https://docs.tenstorrent.com/tt-mlir/specs/tensor-layout-interactive.html
15:22:39 WARNING skip https://docs.tenstorrent.com/include/ttmlir/Dialect/TTNN/IR/TTNNOps.td (http 404)
15:22:39 DEBUG https://docs.tenstorrent.com:443 "GET /tt-mlir/autogen/Rationale/Rationale/ HTTP/1.1" 404 3945
15:22:39 WARNING skip https://docs.tenstorrent.com/tt-mlir/autogen/Rationale/Rationale/ (http 404)
15:22:39 DEBUG https://docs.tenstorrent.com:443 "GET /tt-mlir/autogen/md/Dialect/Affine.html HTTP/1.1" 404 3945
15:22:39 WARNING skip https://docs.tenstorrent.com/tt-mlir/autogen/md/Dialect/Affine.html (http 404)
15:22:39 DEBUG https://docs.tenstorrent.com:443 "GET /tt-mlir/doxygen/html/files.html HTTP/1.1" 404 3945
15:22:39 WARNING skip https://docs.tenstorrent.com/tt-mlir/doxygen/html/files.html (http 404)
15:22:40 DEBUG https://docs.tenstorrent.com:443 "GET /tt-torch/overview.html HTTP/1.1" 200 3463
15:22:40 DEBUG https://docs.tenstorrent.com:443 "GET /tt-torch/pre_commit.html HTTP/1.1" 200 2766
15:22:40 DEBUG https://docs.tenstorrent.com:443 "GET /tt-torch/getting_started_docker.html HTTP/1.1" 200 4335
15:22:40 INFO [934/2500] d=4 https://docs.tenstorrent.com/tt-torch/overview.html
15:22:40 INFO [935/2500] d=4 https://docs.tenstorrent.com/tt-torch/pre_commit.html
15:22:40 DEBUG https://docs.tenstorrent.com:443 "GET /tt-torch/getting_started_build_from_source.html HTTP/1.1" 200 4922
15:22:40 DEBUG https://docs.tenstorrent.com:443 "GET /tt-blacksmith/index.html HTTP/1.1" 200 2645
15:22:40 INFO [936/2500] d=4 https://docs.tenstorrent.com/tt-torch/getting_started_docker.html
15:22:40 INFO [937/2500] d=4 https://docs.tenstorrent.com/tt-torch/getting_started_build_from_source.html
15:22:40 DEBUG https://docs.tenstorrent.com:443 "GET /tt-torch/test.html HTTP/1.1" 200 4122
15:22:40 INFO [938/2500] d=4 https://docs.tenstorrent.com/tt-blacksmith/index.html
15:22:40 INFO [939/2500] d=4 https://docs.tenstorrent.com/tt-torch/test.html
15:22:40 DEBUG https://docs.tenstorrent.com:443 "GET /examples/jax/codegen/resnet.py HTTP/1.1" 404 5254
15:22:40 WARNING skip https://docs.tenstorrent.com/examples/jax/codegen/resnet.py (http 404)
15:22:40 DEBUG https://docs.tenstorrent.com:443 "GET /tests/filecheck/filecheck.html HTTP/1.1" 404 5254
15:22:40 WARNING skip https://docs.tenstorrent.com/tests/filecheck/filecheck.html (http 404)
15:22:40 DEBUG https://docs.tenstorrent.com:443 "GET /tt-torch/adding_models.html HTTP/1.1" 200 8785
15:22:40 DEBUG https://docs.tenstorrent.com:443 "GET /tt-torch/ops/index.html HTTP/1.1" 200 2566
15:22:40 DEBUG https://docs.tenstorrent.com:443 "GET /examples/pytorch/codegen/python/custom_module.py HTTP/1.1" 404 5254
15:22:40 INFO [940/2500] d=4 https://docs.tenstorrent.com/tt-torch/adding_models.html
15:22:40 INFO [941/2500] d=4 https://docs.tenstorrent.com/tt-torch/ops/index.html
15:22:40 WARNING skip https://docs.tenstorrent.com/examples/pytorch/codegen/python/custom_module.py (http 404)
15:22:40 DEBUG https://docs.tenstorrent.com:443 "GET /examples/pytorch/codegen/resnet.py HTTP/1.1" 404 5254
15:22:40 WARNING skip https://docs.tenstorrent.com/examples/pytorch/codegen/resnet.py (http 404)
15:22:41 DEBUG https://docs.tenstorrent.com:443 "GET /tt-xla/getting_started_docker.html HTTP/1.1" 404 2995
15:22:41 WARNING skip https://docs.tenstorrent.com/tt-xla/getting_started_docker.html (http 404)
15:22:41 DEBUG https://docs.tenstorrent.com:443 "GET /tt-xla/getting_started_build_from_source.html HTTP/1.1" 404 2995
15:22:41 DEBUG https://docs.tenstorrent.com:443 "GET /examples/jax/codegen/python/custom_module.py HTTP/1.1" 404 5254
15:22:41 WARNING skip https://docs.tenstorrent.com/tt-xla/getting_started_build_from_source.html (http 404)
15:22:41 WARNING skip https://docs.tenstorrent.com/examples/jax/codegen/python/custom_module.py (http 404)
15:22:41 DEBUG https://docs.tenstorrent.com:443 "GET /tt-forge-onnx/build.html HTTP/1.1" 404 2979
15:22:41 WARNING skip https://docs.tenstorrent.com/tt-forge-onnx/build.html (http 404)
15:22:41 DEBUG https://docs.tenstorrent.com:443 "GET /scripts/build_torch_xla.sh HTTP/1.1" 404 5254
15:22:41 WARNING skip https://docs.tenstorrent.com/scripts/build_torch_xla.sh (http 404)
15:22:41 DEBUG https://docs.tenstorrent.com:443 "GET /tt-forge/print.html HTTP/1.1" 200 12606
15:22:41 INFO [942/2500] d=4 https://docs.tenstorrent.com/tt-forge/print.html
15:22:41 DEBUG https://docs.tenstorrent.com:443 "GET /tt-vscode-toolkit/step-zero/ HTTP/1.1" 200 22833
15:22:41 DEBUG https://docs.tenstorrent.com:443 "GET /tt-forge/model-bring-up-guide.html HTTP/1.1" 200 11589
15:22:41 DEBUG https://docs.tenstorrent.com:443 "GET /tt-vscode-toolkit/welcome/ HTTP/1.1" 200 19405
15:22:41 DEBUG https://docs.tenstorrent.com:443 "GET /tt-vscode-toolkit/ HTTP/1.1" 200 21651
15:22:41 DEBUG https://docs.tenstorrent.com:443 "GET /tt-vscode-toolkit/lessons/verify-installation/ HTTP/1.1" 200 17213
15:22:41 DEBUG https://docs.tenstorrent.com:443 "GET /tt-vscode-toolkit/lessons/hardware-detection/ HTTP/1.1" 200 19316
15:22:41 INFO [943/2500] d=4 https://docs.tenstorrent.com/tt-vscode-toolkit/step-zero/
15:22:41 INFO [944/2500] d=4 https://docs.tenstorrent.com/tt-forge/model-bring-up-guide.html
15:22:41 INFO [945/2500] d=4 https://docs.tenstorrent.com/tt-vscode-toolkit/lessons/hardware-detection/
15:22:41 INFO [946/2500] d=4 https://docs.tenstorrent.com/tt-vscode-toolkit/welcome/
15:22:41 INFO [947/2500] d=4 https://docs.tenstorrent.com/tt-vscode-toolkit/lessons/verify-installation/
15:22:41 INFO [948/2500] d=4 https://docs.tenstorrent.com/tt-vscode-toolkit/
15:22:42 DEBUG https://docs.tenstorrent.com:443 "GET /tt-vscode-toolkit/lessons/build-tt-metal/ HTTP/1.1" 200 19430
15:22:42 DEBUG https://docs.tenstorrent.com:443 "GET /tt-vscode-toolkit/lessons/image-generation/ HTTP/1.1" 200 23806
15:22:42 DEBUG https://docs.tenstorrent.com:443 "GET /tt-vscode-toolkit/lessons/api-server/ HTTP/1.1" 200 21741
15:22:42 DEBUG https://docs.tenstorrent.com:443 "GET /tt-vscode-toolkit/lessons/download-model/ HTTP/1.1" 200 17997
15:22:42 DEBUG https://docs.tenstorrent.com:443 "GET /tt-vscode-toolkit/lessons/vllm-production/ HTTP/1.1" 200 35682
15:22:42 DEBUG https://docs.tenstorrent.com:443 "GET /tt-vscode-toolkit/lessons/interactive-chat/ HTTP/1.1" 200 20484
15:22:42 INFO [949/2500] d=4 https://docs.tenstorrent.com/tt-vscode-toolkit/lessons/build-tt-metal/
15:22:42 INFO [950/2500] d=4 https://docs.tenstorrent.com/tt-vscode-toolkit/lessons/download-model/
15:22:42 INFO [951/2500] d=4 https://docs.tenstorrent.com/tt-vscode-toolkit/lessons/image-generation/
15:22:42 INFO [952/2500] d=4 https://docs.tenstorrent.com/tt-vscode-toolkit/lessons/interactive-chat/
15:22:42 INFO [953/2500] d=4 https://docs.tenstorrent.com/tt-vscode-toolkit/lessons/api-server/
15:22:42 INFO [954/2500] d=4 https://docs.tenstorrent.com/tt-vscode-toolkit/lessons/vllm-production/
15:22:43 DEBUG https://docs.tenstorrent.com:443 "GET /tt-vscode-toolkit/lessons/qb2-local-agents/ HTTP/1.1" 200 40437
15:22:43 DEBUG https://docs.tenstorrent.com:443 "GET /tt-vscode-toolkit/lessons/qb2-video-generation/ HTTP/1.1" 200 23210
15:22:43 DEBUG https://docs.tenstorrent.com:443 "GET /tt-vscode-toolkit/lessons/ct2-dataset-fundamentals/ HTTP/1.1" 200 28518
15:22:43 DEBUG https://docs.tenstorrent.com:443 "GET /tt-vscode-toolkit/lessons/animatediff-video-generation/ HTTP/1.1" 200 25538
15:22:43 DEBUG https://docs.tenstorrent.com:443 "GET /tt-vscode-toolkit/lessons/qb2-openclaw-assistant/ HTTP/1.1" 200 25798
15:22:43 DEBUG https://docs.tenstorrent.com:443 "GET /tt-vscode-toolkit/lessons/video-generation-ttmetal/ HTTP/1.1" 200 19810
15:22:43 INFO [955/2500] d=4 https://docs.tenstorrent.com/tt-vscode-toolkit/lessons/qb2-local-agents/
15:22:43 INFO [956/2500] d=4 https://docs.tenstorrent.com/tt-vscode-toolkit/lessons/ct2-dataset-fundamentals/
15:22:43 INFO [957/2500] d=4 https://docs.tenstorrent.com/tt-vscode-toolkit/lessons/qb2-video-generation/
15:22:43 INFO [958/2500] d=4 https://docs.tenstorrent.com/tt-vscode-toolkit/lessons/animatediff-video-generation/
15:22:43 INFO [959/2500] d=4 https://docs.tenstorrent.com/tt-vscode-toolkit/lessons/video-generation-ttmetal/
15:22:43 INFO [960/2500] d=4 https://docs.tenstorrent.com/tt-vscode-toolkit/lessons/qb2-openclaw-assistant/
15:22:44 DEBUG https://docs.tenstorrent.com:443 "GET /tt-vscode-toolkit/lessons/ct3-configuration-patterns/ HTTP/1.1" 200 28303
15:22:44 DEBUG https://docs.tenstorrent.com:443 "GET /tt-vscode-toolkit/lessons/ct6-experiment-tracking/ HTTP/1.1" 200 24380
15:22:44 DEBUG https://docs.tenstorrent.com:443 "GET /tt-vscode-toolkit/lessons/ct4-finetuning-basics/ HTTP/1.1" 200 34269
15:22:44 DEBUG https://docs.tenstorrent.com:443 "GET /tt-vscode-toolkit/lessons/ct7-architecture-basics/ HTTP/1.1" 200 28190
15:22:44 DEBUG https://docs.tenstorrent.com:443 "GET /tt-vscode-toolkit/lessons/ct5-multi-device-training/ HTTP/1.1" 200 23300
15:22:44 DEBUG https://docs.tenstorrent.com:443 "GET /tt-vscode-toolkit/lessons/ct8-training-from-scratch/ HTTP/1.1" 200 31191
15:22:44 INFO [961/2500] d=4 https://docs.tenstorrent.com/tt-vscode-toolkit/lessons/ct3-configuration-patterns/
15:22:44 INFO [962/2500] d=4 https://docs.tenstorrent.com/tt-vscode-toolkit/lessons/ct6-experiment-tracking/
15:22:44 INFO [963/2500] d=4 https://docs.tenstorrent.com/tt-vscode-toolkit/lessons/ct7-architecture-basics/
15:22:44 INFO [964/2500] d=4 https://docs.tenstorrent.com/tt-vscode-toolkit/lessons/ct5-multi-device-training/
15:22:44 INFO [965/2500] d=4 https://docs.tenstorrent.com/tt-vscode-toolkit/lessons/ct8-training-from-scratch/
15:22:45 INFO [966/2500] d=4 https://docs.tenstorrent.com/tt-vscode-toolkit/lessons/ct4-finetuning-basics/
15:22:45 DEBUG https://docs.tenstorrent.com:443 "GET /tt-vscode-toolkit/lessons/cookbook-image-filters/ HTTP/1.1" 200 19385
15:22:45 DEBUG https://docs.tenstorrent.com:443 "GET /tt-vscode-toolkit/lessons/cookbook-audio-processor/ HTTP/1.1" 200 24276
15:22:45 DEBUG https://docs.tenstorrent.com:443 "GET /tt-vscode-toolkit/lessons/tt-xla-jax/ HTTP/1.1" 200 18958
15:22:45 DEBUG https://docs.tenstorrent.com:443 "GET /tt-vscode-toolkit/lessons/cookbook-mandelbrot/ HTTP/1.1" 200 21485
15:22:45 DEBUG https://docs.tenstorrent.com:443 "GET /tt-vscode-toolkit/lessons/cookbook-game-of-life/ HTTP/1.1" 200 21551
15:22:45 DEBUG https://docs.tenstorrent.com:443 "GET /tt-vscode-toolkit/lessons/cookbook-particle-life/ HTTP/1.1" 200 19563
15:22:45 INFO [967/2500] d=4 https://docs.tenstorrent.com/tt-vscode-toolkit/lessons/cookbook-image-filters/
15:22:45 INFO [968/2500] d=4 https://docs.tenstorrent.com/tt-vscode-toolkit/lessons/tt-xla-jax/
15:22:45 INFO [969/2500] d=4 https://docs.tenstorrent.com/tt-vscode-toolkit/lessons/cookbook-audio-processor/
15:22:45 INFO [970/2500] d=4 https://docs.tenstorrent.com/tt-vscode-toolkit/lessons/cookbook-mandelbrot/
15:22:45 INFO [971/2500] d=4 https://docs.tenstorrent.com/tt-vscode-toolkit/lessons/cookbook-game-of-life/
15:22:45 INFO [972/2500] d=4 https://docs.tenstorrent.com/tt-vscode-toolkit/lessons/cookbook-particle-life/
15:22:46 DEBUG https://docs.tenstorrent.com:443 "GET /tt-vscode-toolkit/lessons/cs-fundamentals-04-networks/ HTTP/1.1" 200 25481
15:22:46 DEBUG https://docs.tenstorrent.com:443 "GET /tt-vscode-toolkit/lessons/cs-fundamentals-02-memory/ HTTP/1.1" 200 24869
15:22:46 DEBUG https://docs.tenstorrent.com:443 "GET /tt-vscode-toolkit/lessons/tt-lang-intro/ HTTP/1.1" 200 25875
15:22:46 DEBUG https://docs.tenstorrent.com:443 "GET /tt-vscode-toolkit/lessons/cs-fundamentals-03-parallelism/ HTTP/1.1" 200 25364
15:22:46 DEBUG https://docs.tenstorrent.com:443 "GET /tt-vscode-toolkit/lessons/cs-fundamentals-05-synchronization/ HTTP/1.1" 200 25636
15:22:46 DEBUG https://docs.tenstorrent.com:443 "GET /tt-vscode-toolkit/lessons/cs-fundamentals-06-abstraction/ HTTP/1.1" 200 24829
15:22:46 INFO [973/2500] d=4 https://docs.tenstorrent.com/tt-vscode-toolkit/lessons/cs-fundamentals-04-networks/
15:22:46 INFO [974/2500] d=4 https://docs.tenstorrent.com/tt-vscode-toolkit/lessons/tt-lang-intro/
15:22:46 INFO [975/2500] d=4 https://docs.tenstorrent.com/tt-vscode-toolkit/lessons/cs-fundamentals-02-memory/
15:22:46 INFO [976/2500] d=4 https://docs.tenstorrent.com/tt-vscode-toolkit/lessons/cs-fundamentals-03-parallelism/
15:22:46 INFO [977/2500] d=4 https://docs.tenstorrent.com/tt-vscode-toolkit/lessons/cs-fundamentals-06-abstraction/
15:22:47 INFO [978/2500] d=4 https://docs.tenstorrent.com/tt-vscode-toolkit/lessons/cs-fundamentals-05-synchronization/
15:22:47 DEBUG https://docs.tenstorrent.com:443 "GET /tt-vscode-toolkit/version-compat/ HTTP/1.1" 200 21103
15:22:47 DEBUG https://docs.tenstorrent.com:443 "GET /tt-vscode-toolkit/tensix-playground/ HTTP/1.1" 200 17072
15:22:47 DEBUG https://docs.tenstorrent.com:443 "GET /tt-vscode-toolkit/lessons/bounty-program/ HTTP/1.1" 200 25778
15:22:47 DEBUG https://docs.tenstorrent.com:443 "GET /tt-vscode-toolkit/riscv-guide/ HTTP/1.1" 200 28160
15:22:47 DEBUG https://docs.tenstorrent.com:443 "GET /tt-vscode-toolkit/lessons/deploy-to-koyeb/ HTTP/1.1" 200 20333
15:22:47 DEBUG https://docs.tenstorrent.com:443 "GET /tt-vscode-toolkit/lessons/cs-fundamentals-07-complexity/ HTTP/1.1" 200 27956
15:22:47 INFO [979/2500] d=4 https://docs.tenstorrent.com/tt-vscode-toolkit/version-compat/
15:22:47 INFO [980/2500] d=4 https://docs.tenstorrent.com/tt-vscode-toolkit/tensix-playground/
15:22:47 INFO [981/2500] d=4 https://docs.tenstorrent.com/tt-vscode-toolkit/lessons/bounty-program/
15:22:47 INFO [982/2500] d=4 https://docs.tenstorrent.com/tt-vscode-toolkit/lessons/deploy-to-koyeb/
15:22:47 INFO [983/2500] d=4 https://docs.tenstorrent.com/tt-vscode-toolkit/riscv-guide/
15:22:47 INFO [984/2500] d=4 https://docs.tenstorrent.com/tt-vscode-toolkit/lessons/cs-fundamentals-07-complexity/
15:22:48 DEBUG https://docs.tenstorrent.com:443 "GET /tt-forge/getting_started.html HTTP/1.1" 200 3558
15:22:48 DEBUG https://docs.tenstorrent.com:443 "GET /Dockerfile HTTP/1.1" 404 5254
15:22:48 DEBUG https://docs.tenstorrent.com:443 "GET /tt-torch/ops/stablehlo/index.html HTTP/1.1" 200 2574
15:22:48 DEBUG https://docs.tenstorrent.com:443 "GET /tt-vscode-toolkit/lessons/vscode-chat/ HTTP/1.1" 404 14863
15:22:48 INFO [985/2500] d=5 https://docs.tenstorrent.com/tt-forge/getting_started.html
15:22:48 WARNING skip https://docs.tenstorrent.com/Dockerfile (http 404)
15:22:48 DEBUG https://docs.tenstorrent.com:443 "GET /tt-torch/profiling.html HTTP/1.1" 200 4139
15:22:48 DEBUG https://docs.tenstorrent.com:443 "GET /%3Ca%20href= HTTP/1.1" 404 5254
15:22:48 INFO [986/2500] d=5 https://docs.tenstorrent.com/tt-torch/ops/stablehlo/index.html
15:22:48 INFO [987/2500] d=5 https://docs.tenstorrent.com/tt-torch/profiling.html
15:22:48 WARNING skip https://docs.tenstorrent.com/<a href= (http 404)
15:22:48 WARNING skip https://docs.tenstorrent.com/tt-vscode-toolkit/lessons/vscode-chat/ (http 404)
15:22:48 DEBUG https://docs.tenstorrent.com:443 "GET /tt-torch/ops/stablehlo/arith.constant.html HTTP/1.1" 200 2548
15:22:48 INFO [988/2500] d=6 https://docs.tenstorrent.com/tt-torch/ops/stablehlo/arith.constant.html
15:22:48 DEBUG https://docs.tenstorrent.com:443 "GET /tt-vscode-toolkit/lessons/model-deployment/ HTTP/1.1" 404 14863
15:22:48 WARNING skip https://docs.tenstorrent.com/tt-vscode-toolkit/lessons/model-deployment/ (http 404)
15:22:49 DEBUG https://docs.tenstorrent.com:443 "GET /tt-torch/ops/stablehlo/stablehlo.add.html HTTP/1.1" 200 8824
15:22:49 INFO [989/2500] d=7 https://docs.tenstorrent.com/tt-torch/ops/stablehlo/stablehlo.add.html
15:22:49 DEBUG https://docs.tenstorrent.com:443 "GET /tt-torch/ops/stablehlo/stablehlo.and.html HTTP/1.1" 200 2577
15:22:49 INFO [990/2500] d=8 https://docs.tenstorrent.com/tt-torch/ops/stablehlo/stablehlo.and.html
15:22:50 DEBUG https://docs.tenstorrent.com:443 "GET /tt-torch/ops/stablehlo/stablehlo.broadcast_in_dim.html HTTP/1.1" 200 10654
15:22:50 INFO [991/2500] d=9 https://docs.tenstorrent.com/tt-torch/ops/stablehlo/stablehlo.broadcast_in_dim.html
15:22:51 DEBUG https://docs.tenstorrent.com:443 "GET /tt-torch/ops/stablehlo/stablehlo.ceil.html HTTP/1.1" 200 2544
15:22:51 INFO [992/2500] d=10 https://docs.tenstorrent.com/tt-torch/ops/stablehlo/stablehlo.ceil.html
15:22:51 INFO docs done: saved=992 errors=52 total_visited=1053
15:22:51 INFO wrote tt_docs_corpus/_crawl_report.txt
15:22:51 INFO total elapsed: 2.9 min
